10 Ingeniería LTDA.,1159
3M Colombia S.A.,383
3M Corporate Research Materials Laboratory,2307
50Hertz Transmission GmbH,384
A C Ingenieros S.A.S.,1160
A.G.P. de Colombia S.A.,385
A2V Ingenieria S.A.S.,1161
Aalborg University,41
AB PROYECTOS S.A.,386
Abo Akademi,1937
Academia Diplomática Augusto Ramírez Ocampo,2196
Academia Nikola Tesla,906
ACCENTURE LTDA.,2309
ACE AIRE S.A.S,388
Aceites Manuelita S.A.,389
Acerca Mercadeo Estratégico S.A.S.,1162
ACI Worldwide Colombia S.A.S.,1525
Acoples y partes Ltda.,391
ACT TELEMATICA S.A.,2310
Acuades Ingeniería LTDA.,1163
Acueductos E Irrigaciones S.A.S.,1164
ADAMA Andina B.V. Sucursal Colombia,297
Adama Colombia S.A.S.,1838
Adceda Systems S.A.S,1165
Aerorental LTDA.,1166
AFLORE S.A.S.,2068
Agència de Salut Pública de Barcelona,2104
Agencia Nacional de Espectro - ANE,2
AGH University of Science and Technology,2076
AGROEVO - Consulting Group,395
Agroindustria Tomardie S.A.,1923
Aguas de Manizales S.A. ESP,2072
Air Company Ingeniería S.A.S.,1167
Air Liquide Advanced Technologies,1113
Air Products - Indura,1946
Airavata S.A.S.,1168
AIRBUS,2308
AIREFLEX de Colombia S.A.S,2411
Aix Marseille Université - AMU,2106
AJE Colombia,2410
Albtal-Verkehrs-Gesellschaft mbH - AVG,1706
Alcaldía de Funza Cundinamarca,1169
Alcaldía Municipal de Yacuanquer Nariño,2018
Alcaldía municipal Pitalito Huila,2469
Alejandro Faccini & Cía Ltda,396
ALFAGRES S.A.,397
Aliar S.A.,1526
Alice Salomon University of Applied Sciences Berlin - ASH,2107
Alimentos Polar Comercial C.A.,398
ALLEGION COLOMBIA S.A.S.,2311
Almacafe S.A,399
Almacenes Generales de Depósito Almaviva S.A.,1804
ALMACENES GENERALES DE DEPOSITO DE CAFE S.A. ALMACAFE,2312
Almagas S.A. E.S.P.,400
Alpecorp,401
Alstom Power Colombia S.A.,402
Alta Consejería Distrital de las TIC,2015
Alticarpa y Parasoles,403
Alto Comisionado de las Naciones Unidas para los Refugiados - ACNUR - UNHCR ,1170
Alusud Embalajes Colombia Ltda,404
Amarilo S.A.,405
"Amazon.com, Inc",1904
American Glass Products - AGP,394
American Institute Of Chemical Engineers,1967
American School Way,1933
American Society For Horticultural Sciences,1968
American Society For Microbiology,1969
American Society Of Civil Engineers,1970
Américas Business Process Services,1821
Ames Laboratory,2467
Amtex S.A.,406
Andamios Cimbra,471
Andina Trim S.A.,407
Anditel S.A.S.,1527
Andrec Corporation S.A.,408
Andritz Hydro LTDA.,1171
Anjasof Ltda.,409
Ankara Üniversitesi,1172
Apropet S.A.S.,410
Archivo General de la Nación,2095
Archivos Funcionales & Oficinas Eficientes Zzeta S.A.S.,1173
Arcoser S.A.S.,411
Aristotle University of Thessaloniki - AUTh,1174
Arizona State University - ASU,2108
Armacol S.A.,412
Arquitectura y Concreto LTDA,413
Arup Colombia S.A.S.,1175
Asea Brown Boveri - ABB,387
Aservin S.A.,414
Asesoftware S.A.S.,1176
Asesoría en Ingeniería de Petróleos S.A.S. - AIP,1177
Asesorías Industriales Santafé - AIS,415
Asinfar,1394
Asociación Argentina De Control Automático - AADECA,1977
Asociación Argentina De Historia Económica,1978
Asociación Argentina De Horticultura - ASAHO,1979
Asociación Argentina De Ingenieros Químicos - AAIQ,1981
Asociación Argentina De La Ciencia Del Suelos,1982
Asociación Argentina De Mecánica Computacional,1983
Asociación Argentina De Microbiología,1984
Asociación Argentina De Salud Mental,1985
Asociación Argentina De Tecnología Espacial,1986
Asociación Bancaria y de Entidades Financieras de Colombia - ASOBANCARIA,416
Asociación Brasileña De Corrosión ABRACO,1989
Asociación Brasileña De Ingeniería Geológica y Medio Ambiente,1987
Asociación Brasileña De Polímeros,1988
Asociación Brasilera De Ingeniería y Ciencias Mecánicas,1990
Asociación Campesina del Valle del Río Cimitarra - ACVC,1724
Asociación Colombia de Ingenieros - ACIEM,390
Asociación Colombiana De Automática,1991
Asociación Colombiana De Botánica,1992
Asociación Colombiana De Ciencia y Tecnología De Alimentos,1993
Asociación Colombiana de Ciencias Biológicas,2470
Asociación Colombiana de Corrosión y Protección - ASCOR,1975
Asociación Colombiana de Electroquímica,2471
Asociación Colombiana De Facultades De Administración - ASCOLFA,1973
Asociación Colombiana de Facultades de Ingeniería,2023
Asociación Colombiana de Fitopatología y Ciencias Afines - ASCOLFI,1974
Asociación Colombiana De Medicina Interna,1971
Asociación Colombiana pro Enseñanza de la Ciencia - Buinaima,892
Asociación Colombiana Red Académica de Diseño - RAD,97
Asociación de Armadores de Colombia - ARMCOL,21
Asociación de Ingenieros Agrícolas de Colombiana - Asiac,417
Asociación de Ingenieros Civiles de la Universidad Nacional de Colombia - aicun,1893
Asociación Gremial Alianza Nacional de Autoservicios - Superalko,418
Asociación Iberoamericana de Instituciones de Enseñanza de la Ingeniería,1723
Asociación Interamericana de Ingeniería Sanitaria y Ambiental - AIDIS,1922
Asociación Internacional de Consultoría - AIC,419
Asociación Nacional de Estudiantes de Ingeniería Civil - ANEIC,22
Asociación Nacional de Industriales - ANDI,89
Asociación Nacional De Ingenieros Javerianos,5
Asociación Química Argentina,2472
Astillero Naval JOL S.A,420
Athletic de Colombia S.A.S.,421
Audi AG,422
Audubon Engineering Solutions - Audubon,423
Austrian Society for Innovative Computer Sciences - INNOC,1896
Autogermana S.A.,424
Autoridad Nacional De Licencias Ambientales - ANLA,1552
Avance Lectura Avanzada,1905
Avancediten Brasil,425
Avantel S.A.S.,1178
Ave Colombiana S.A.S.,1179
AVIANCA S. A.,426
Avira Operations GmbH & Co.KG,427
Avizor S.A.,428
AXA,429
AXA COLPATRIA CAPITALIZADORA S.A.,2313
Axiomática Soluciones Tecnológicas S.A.S.,1180
AZLOGICA Colombia Soluciones Telemáticas,430
Azul K S.A,2065
B Smart EU,2414
Baden-Württemberg Stiftung,2028
Badische Anilin- und Soda-Fabrik - BASF Colombia,437
Bahçeşehir University - BAU,1553
Banco Agrario de Colombia S.A,432
Banco BBVA,1087
Banco Bilbao Vizcaya Argentaria - BBVA,433
Banco de la República de Colombia - BRC,435
Banco de las Microfinanzas - Bancamia S.A,436
Banco Interamericano de Desarrollo - BID,1907
Banco Mundial - World Bank,1554
Banco Santander S.A,2110
Bardot S.A.,1181
BASF QUIMICA COLOMBIANA S.A.,2314
Bauberatungszentrum Süd GmbH & Co.,310
Bavaria S.A.,438
Bayer AG,439
Bayer Technology Services GmbH - BTS,440
Becerra & Guevara Ltda Lb & Lg,441
Beijing Foreign Studies University,2111
Běijīng Kējì Dàxúe,287
Bel-Star S.A.,1818
Belcorp,442
BELL FLAVORS & FRAGANCES COLOMBIA S.A.S.,2315
Ben-Gurion University of the Negev - BGU,1715
BENEFICIAR ENTIDAD COOPERATIVA,2316
Benemérita Universidad Autónoma de Puebla - BUAP,1725
Biblioteca Luis Ángel Arango,2109
Bio-Pharma Chemicals Colombia S.A.S.,444
Bioagrotech S.A.S.,1182
BioD S.A.,443
BIOTECNIK S.A.S.,2317
BlackSip,2037
BlueSoft Technology S.A.S.,1183
BMW Group,2407
Boehringer Ingelheim International GmbH,2052
Bogotá Beer Company - BBC,445
Bohler – Uddeholm Colombia S.A,2035
Bosch Engineering GmbH - BEG,446
Box Hill Institute,19
Branch Of Microsoft Colombia Inc.,1184
Brandenburgische Technische Universität Cottbus - BTU Cottbus,1185
Bricma's LTDA,447
Brigham Young University - BYU,1726
Brinsa S.A.,448
British Council - Colombia,330
British Petroleum - BP plc,449
Brunel University London,1555
BRUS REFRIGERATION OF COLOMBIA LTDA,2318
BTG Labs,1898
Build Change Latam,1186
Bundesanstalt für Straßenwesen - BASt,577
Bundy Refrigeration of Colombia LTDA.,1187
Bunny Inc.,450
Business Integration Partners SPA,2040
C&U Instrumentación,451
C. I. Florimerca LTDA,452
C.I. Frutas Comerciales S.A.,1188
CA Software De Colombia S.A.,1189
Cabar Clean Energies,453
Cacharrería Mundial S.A.S.,454
Cad Ingenieria Y Sistemas S A S,2458
Caja de Compensación Familiar - CAFAM,455
Caja de Compensación Familiar Compensar,1190
Camaleón Multimedia S.A.S.,1191
Cámara Colombiana de la Infraestructura - CCI,1528
Cámara Colombiana de la Minería,1556
Camara de Comercio Colombo Turca,1192
Cámara De Comercio De Bogotá,4
Cámara Minera del Perú - CAMIPER,2112
Campos Racing - CR Tech S.L.,1941
Campus Iberus,2113
Canadian Bureau for International Education - CBIE,16
Carbones del Cerrejón LLC - Cerrejón,456
Carboquímica S.A.S.,457
Cardif Seguros Generales S.A.,1193
Cardiff University,2091
Carlo Carrizosa Huertas,1194
Carnegie Mellon University,270
CARRERA ARANGO S.A.S.,2319
Casa Editorial El Tiempo,458
Casa Toro S.A.,1195
CasaLuker S.A.,459
Case Western Reserve University,1939
Catalan Institute of Nanoscience and Nanotechnology - ICN2,1557
Catalonia Institute for Energy Research,1813
Catappult S.A.S.,1196
Cátedra S.A.S.,1197
CAV Ingenieros Ltda,460
Caxton & Taylor Professional Services S.A.S.,461
CEA-Leti: Laboratoire d'électronique des technologies de l'information,2042
"CEMEX, S.A.B. de C.V",463
CEN&T Ingenieros consultores S.A.S.,2413
Cenipalma,465
Center for environmental modeling,1558
Centre de coopération internationale en recherche agronomique pour le développement - CIRAD,1198
Centre for Digital Media - CDM,1559
Centre for Water Research,1560
Centre national de la recherche scientifique - CNRS,1561
Centro Agronómico Tropical de Investigación y Enseñanza,2114
Centro Agropecuario Marengo,1104
Centro Atómico Bariloche - CNEA,1562
Centro Brasileiro De Pesquisas Físicas,90
Centro Colombo Americano,314
Centro de Alternativas al Desarrollo - CEALDES,1529
Centro de Edafología y Biología Aplicada del Segura - CSIC,1563
Centro de Electricidad Electrónica y Telecomunicaciones - CEET,920
"Centro de electricidad, electrónica y telecomunicaciones - SENA",2459
Centro de Estudios Históricos - CEH,1564
Centro de estudios para la Permacultura y un desarrollo alternativo - Proyecto Pachamama,902
Centro de Estudios para la Prevención de Desastres - CEPREVE,941
Centro De Idiomas Y Turismo De Cartagena,2026
Centro de Investigación Científica del Rio Magdalena,1199
Centro de Investigación Científica del Rio Magdalena - Crimag,1889
Centro de Investigación Cooperativa en Biomateriales - CIC biomaGUNE,1200
Centro de Investigación Corpogen,2019
Centro De Investigacion De Estudios Avanzados Del I.P.N.,24
Centro de Investigación de las Telecomunicaciones - CINTEL,2033
Centro de Investigación en Alimentación y Desarrollo A.C.,2115
Centro de Investigación en Ecosistemas y Cambio Global - C&B,1565
Centro de Investigación en Matemáticas - CIMAT,1806
Centro de Investigación en Materiales Avanzados - CIMAV,1579
Centro de Investigación y de Estudios Avanzados del Instituto Politécnico Nacional - CINVESTAV - IPN,2116
Centro de Investigación y Desarrollo de Tecnología Digital del Instituto Politecnico Nacional - CITEDI-IPN,1899
Centro de Investigación y Desarrollo Tecnológico de la Industria Electro Electrónica y TIC - CIDEI,2012
Centro de Investigación y Docencia Económicas - CIDE,2137
Centro de Investigaciones en Láseres y Aplicaciones - CEILAP,1566
"Centro de Investigaciones Energéticas, Medioambientales y Tecnológicas - CIEMAT",1567
Centro de Investigaciones para la Transformación - CENIT,1568
Centro de Tecnologias del Transporte SENA - CTT,788
Centro Don Bosco,2486
Centro Educativo El Castillo de San Mateo,1995
Centro Educativo Los Andes Almendros,2457
Centro Internacional de Agricultura Tropical - CIAT,1569
Centro Internacional de Física - CIF,466
Centro Metalmecánico SENA,787
Centro Nacional de Energías Renovables - CENER,1201
Centro Nacional de Producción Más Limpia - CNPML ,2056
Centro Oriental de Ecosistemas y Biodiversidad - BIOECO,2138
Centro Social Marie Poussepin,2456
Centros Comerciales Sudamericanos S.A. - Cencosud,464
Cerámica San Lorenzo Industrial de Colombia S.A.,467
Certiprof,14
Challenger S.A.S.,2085
Chalmers tekniska högskola,1928
Chalver Laboratorios S.A.,306
Chandigarh University,1202
Chaneme Comercial S.A.,470
Chiba University,1203
Chinese Academy of Sciences,2139
Chinese Academy of Social Sciences,2175
Christian Children's Fund,2140
CI Manetty LTDA.,1204
Cisco Systems,12
City College of the City University of New York - CCNY,472
Ciudad Sistema LTDA.,1530
CKI Automatizacion Industrial S.A.S.,1205
Clariant Colombia S.A.,473
"Cleva North America, Inc.",1713
Clínica Reina Sofia,1570
Clínica San Pedro Claver,897
Cobiscorp Colombia S.A.,474
Coca-Cola Midi,476
Codensa S.A. ESP.,477
Codigo Proyectos S.A.,1206
Cognizant Technology Solutions Corp,1571
Cointelco S.A.,478
Col Energy S.A.S / Col Agua,479
Colcerámica S.A.,481
Colegio Americano De Bogotá,15
Colegio Andrés Rosillo,1867
Colegio Bilingüe Espíritu Santo,912
Colegio Chuniza (IED),2430
COLEGIO CIUDAD BOLIVAR - ARGENTINA (IED),2428
Colegio Colombo Florida Bilingüe,1868
Colegio Cooperativo De Cogua,1864
Colegio De Estudios Superiores De Administracion -CESA,25
Colegio de Ingenieros Civiles del Azuay,1919
Colegio de la Presentación Sans Facon,2022
Colegio De La Presentación Zipaquirá,13
Colegio de México,2141
COLEGIO DEL DIVINO NIÑO,2435
Colegio Departamental la Esperanza,2492
COLEGIO EUGENIA RAVASCO,2434
Colegio Externado Nacional Camilo Torres - IED,38
Colegio Gimnasio Los Pirineos,1913
Colegio INEM - Luis López de Mesa,100
Colegio José Manuel Restrepo - IED,1917
Colegio Kapeirot,2461
COLEGIO LA FLORESTA SUR (IED),2432
Colegio La Presentación,18
Colegio Liceo del Rosario,2006
Colegio Liceo Pedagógico,898
Colegio Los Ángeles del Norte,1912
COLEGIO LUIS VARGAS TEJADA (IED),2433
Colegio Mixto 20 De Julio de Cartagena,1870
Colegio Morisco I.E.D,1856
Colegio Nueva York,2021
COLEGIO RUFINO JOSE CUERVO (IED),2436
Colegio Saludcoop Sur I.E.D,905
Colegio San Juan del Camino,1865
Colegio San Luis de La Policia,1920
Colegio Técnico República de Guatemala,2454
Colinagro S.A.,482
College of William and Mary in Virginia - W&M,1572
Colombia Kimberly Colpapel S.A.,483
Colombia Móvil S.A. ESP. - TIGO,484
Colombia Telecomunicaciones S.A. ESP.,485
COLOMBIANA DE INGENIERIA Y SUMINISTROS LTDA.,2320
Colorado School of Mines,1573
Colorado State University - CSU,1574
Colpatria,434
Colse Ltda.,486
Colsein Ldta.,487
Colsubsidio,488
Colvista S.A.S.,489
ComCentric Network Designs - CCND,462
Comercial De Riegos LTDA.,1207
Comestibles Ricos S.A.,1208
Comet Zona Franca Ltda.,490
Comisión Económica para América Latina y el Caribe - CEPAL,2142
Comisión Interministerial de Ciencia y Tecnología - CICYT,1575
Comision Nacional De Energia,30
Comision Nacional De Grados Cientificos,32
Comisión Regional de Ciencia y Tecnología para la Costa Atlántica,2143
Commonwealth Scientific and Industrial Research Organisation,1940
Compañía Colombiana Automotriz - CCA,491
Compañia Comercial e Industrial La Sabana Avesco S.A.,1846
Compañía de Profesionales de Bolsa S.A.,1209
Compañía General de Aceros S.A.,492
Compañía Iberoamericana de Plásticos S.A. - IBERPLAST,493
Compañía Industrial de Automatización Ltda - CIA MSI,494
Compañia MIP Engenharia S.A.,496
Compañía Transportadora de Valores Prosegur de Colombia S.A.,1210
Compass Group Services Colombia S.A.,497
Complasesa S.A.S.,1211
Compufácil S.A.S.,498
Computadores para Educar,762
Computec S.A.S.,499
Comware,298
Conalmarmoles SAS,2017
Concejo de Bogotá,2426
Concesionaria Vial de los Andes S.A.S – Coviandes,519
Concordia University,1005
Concrete Innovations,500
Concretos Y Maderas S.A.S.,1212
Confipetrol S.A.S.,1213
Congelagro S.A.,501
Congreso de la Republica de Colombia - Senado de la Republica,2403
Congreso Nacional De Física,20
Connecta 26,1083
Consejo Colombiano de Eficiencia Energética - CCEE,1214
Consejo Colombiano de Seguridad,1576
Consejo de Empresas Americanas - CEA,1215
"Consejo Facultad De Ingeniería Universidad Nacional De Colombia, Sede Bogotá.",17
Consejo Nacional de Ciencia y Tecnología - CONACYT,2059
Consejo Profesional de Ingeniería Química - CPIQ,502
Consejo Profesional de Ingeniería Química de Colombia,3
Consejo Superior de Investigaciones Científicas - CSIC ,2060
Consejo Superior de Investigaciones Científicas - CSIC,47
Conselho Nacional de Desenvolvimento Cientifíco e Tecnológico - CNPq,52
Consorcio para la Prosperidad - CONPROS,1216
Consorcio Proyeccion Vial Puerto Salgar,1217
Consorcio Ruta 40,1822
Consorzio Nazionale della Cooperazione Sociale Gino Mattarelli - CGM,2144
Constructora Conconcreto S.A.,504
Construelectricos Jose H S.A.S.,1218
Consulado De Colombia En Madrid,46
ConsulObras ltda.,505
Consultata S.A.S.,1219
Consultores Estructurales Asociados S.A.S - CEA,506
Consultores Unidos S.A.,1220
Consultoría Colombiana S.A.,503
Consultoria Tecnologia Informatica CTI LTDA.,1221
Consultoría y Construcciones Civiles Ltda.,507
Contact Center Américas,508
Contactamos Servicios Ltda,299
Contelac LTDA.,1222
Contraloría de Bogotá ,2051
Contraloría Departamental del Amazonas,2145
Contraloría General de la República,2146
Control y Telemética S.A.S.,509
Convenio Sigueme,965
Coonfie,2498
COOPEN Network,2147
Cooperativa de Lácteos de Antioquia - Colanta,480
COOPERATIVA DE PROFESORES DE LA UNIVERSIDAD NACIONAL - COOPROFESORESUN.,2321
Coordenação De Aperfeiçoamento De Pessoal De Nível Superior - Capes,45
Copenhagen Business School - CBS - Handelshøjskolen,1577
Coquecol S.A.,510
Cornell University,316
Corona S.A.,511
Corporación Andina de Fomento - CAF,513
Corporación Autónoma Regional de las Cuencas de los Ríos Negro y Nare - Cornare,2148
Corporación Autónoma Regional de los Valles del Sinú y del San Jorge - CVS,1890
Corporación Calidad,514
CORPORACION COLOMBIANA DE INVESTIGACION AGROPECUARIA - AGROSAVIA,2462
Corporación Colombiana de Investigación Agropecuaria - Corpoica,512
Corporación de Acero - Corpacero S.A.,837
Corporación de Ciencia y Tecnología para el Desarrollo de la Industria Naval Marítima y Fluvial - Cotecmar,518
Corporación de Educación del Norte del Tolima - Coreducación,1850
Corporación de Educación Tecnológica Colsubsidio CET,1998
Corporación de Fomento de la Producción,2496
Corporación Educativa American School,1994
Corporación Educativa Internacional de la Ciencia - CEDEC,2429
CORPORACION GEOAMBIENTAL TERRAE,2322
Corporación Industrial Minuto de Dios,516
Corporacion Instituto Superior De Educación Social - ISES,2453
Corporación Instituto Tecnológico de la Seguridad - INTESEG,121
Corporación para la Energía y el Medio Ambiente - Corpoema,515
Corporacion Patalogia Veterinaria - CORPAVET,1223
Corporación Politécnico de la Costa Atlántica,134
Corporación Social De Cundinamarca,44
Corporación social y educativa Humanismo Siglo XXI - Corpohumanismo,1848
Corporación Tecnológica de Bolívar,138
Corporación Tecnológica Industrial Colombiana - TEINCO,911
Corporación Unificada Nacional de Educación Superior - CUN,118
Corporación Universitaria Autónoma de Nariño,74
Corporación Universitaria Autónoma del Cauca,75
Corporación Universitaria de Asturias,2439
Corporación Universitaria de Ciencia y Desarrollo,135
Corporación Universitaria de Ciencias Aplicadas y Ambientales - UDCA,136
Corporación Universitaria de Colombia Ideas,109
Corporación Universitaria de Ibagué,104
Corporación Universitaria de la Costa - CUC,119
Corporación Universitaria del Huila - CORHUILA,113
Corporación Universitaria del Meta,114
Corporación Universitaria Iberoamericana,1862
Corporación Universitaria Minuto de Dios,8
Corporación Universitaria Rafael Nuñez,116
Corporación Universitaria Regional Del Caribe - IAFIC,921
Corporación Universitaria Remington,120
Corporación Universitaria Unitec,117
Corporación Univesitaria Republicana,137
Corriente Alterna Ltda,517
"Coursera, Inc.",1915
Coventry University,188
COYDISAS S.A.S.,1224
CPL Aromas Colombia LTDA,2087
Cristalería Peldar S.A.,520
Croda International plc,521
CRODA SUCURSAL COLOMBIA,2323
Cubasolar,1578
Cultivos Rancho Alegre S.A.S.,1531
Cumbrera S.A.S.,1225
Cummins de los Andes S.A,2069
cursosycapacitaciones.co,2431
Cusezar S.A.,522
Cvm Global Trading LTDA.,1226
Cymetria Group,2452
Cyquim de Colombia S.A.,523
Cyu Instrumentacion LTDA.,1227
Czech Technical University in Prague - CTU,2061
Da Vinci Technology Services S.A.S,1827
Dag Ingeniería S.A.S.,1228
Danmarks Tekniske Universitet - DTU,1796
Dayclean S.A.,524
DC Teknicalderas Ltda.,832
Deejay Academy,42
Defta Group,1084
Deidre Erlinda Galvis Rojas,1229
Delta LIGHT NV,1580
Departamento Administrativo de Presidencia de la República - DAPRE,2149
Departamento Administrativo Nacional de Estadística - DANE,1844
Departamento de Ciência e Tecnologia Aeroespacial - DCTA,1581
Departamento Nacional de Planeación - DNP,526
Derco S.A.S.,527
"Detección, Empaque y Procesos S.A.S. - DEMPRO",1230
Detergentes LTDA.,1231
Deutscher Akademischer Austauschdienst German Academic Exchange Service - DAAD,43
Deutsches Zentrum für Luft- und Raumfahrt,300
DIACO S.A.,2324
Diagnóstico Eléctrico Mantenimiento y Obras - DEMO Ingeniería,525
Diameco S.A.S.,1232
Diana Corporación S.A.S,2412
DICOL LTDA,2093
DICORE SANTAMARIA S.A.S.,2325
DICTUC S.A.,1154
Dielcom S.A.S.,529
Digecon 3D S.A.S,530
Dimetal Ltda.,531
DINISSAN S.A.,1820
Diproyectos S.A.S.,1233
Dirección Antinarcóticos de la Policía Nacional,532
Dirección de impuestos y aduanas nacionales,2031
Dirección de Impuestos y Aduanas Nacionales - DIAN,2094
DIRECCION GENERAL MARITICA - DIMAR  ,2326
Dirección General Marítima - DIMAR,2150
Dirección Nacional de Escuelas de la Policía Nacional,139
Dirección Nacional de Innovación Académica - Unal,918
Dirección Nacional de Tecnologías de la Información y las Comunicaciones - DNTIC,2050
Dirige S.A.S. ,1234
Disan Colombia S.A.,1235
Diseños Virtuales de Ingeniería S.A.S - DVI,534
Diseños y Construcciones Especializadas en Ingeniería S.A.S. - DICEIN S.A.S.,1236
DISMET S.A.S.,535
DISTASA S.A. E.S.P.,536
Distribuidora Hino de Colombia S.A.S.,621
Distribuidora Nissan S.A.,537
DISTRIPAQ S.A.S.,2327
Diversey Colombia Ltda.,538
dokuritsu gyōseihōjin kokusai kyōryoku kikō,960
DOS  G  S.A.S.,2328
Dow Agrosciences de Colombia S.A.,539
Dow Química de Colombia S.A,2043
Duke University,190
Easy Card S.A.S.,1237
Easy Cleaning,541
"Easy Solutions, Inc",542
Eaton Industries (France) S.A.S.,1829
Eccosis Plus S.A.S.,1238
École centrale de Lyon,1582
École centrale de Nantes,1799
École centrale des arts et manufactures - ECP,191
École d'ingénieurs de Purpan,1243
Ecole de Biologie Industrielle - EBI,2080
École de Technologie Supérieure - ETS,1240
École des Hautes Études en Sciences Sociales - EHESS,2151
École des mines d'Alès,1241
École des mines de Douai - École nationale supérieure des mines de Douai - ENSMD,1242
Ecole d’ingénieur Denis Diderot - EIDD,1239
"École européenne de chimie, polymères et matériaux de Strasbourg - ECPM",1727
"École internationale du papier, de la communication imprimée et des biomatériaux - Grenoble INP-Pagora",955
École Nationale d'Architecture de Nantes - ENSA Nantes,2152
École nationale d'ingénieurs - ENI,1245
École nationale d'ingénieurs de Metz - ÉNIM,967
Ecole nationale d'ingénieurs de Saint-Etienne - ENISE,2153
École nationale d'ingénieurs du Val de Loire - ENIVL,947
École nationale de la statistique et de l'administration économique - ENSAE ParisTech,1244
École nationale des ponts et chaussées - École des Ponts ParisTech,953
École nationale des travaux publics de l'État,1800
Ecole Nationale d’Ingénieurs de Brest - ENIB,320
École Nationale d’Ingénieurs de Saint‑Etienne - ENISE,329
École nationale d’ingénieurs de Tarbes - ENIT,942
École nationale supérieure d'agronomie et des industries alimentaires - ENSAIA,951
Ecole Nationale Supérieure d'Architecture de Paris La Villette - ENSAPLV,2154
École nationale supérieure d'architecture Paris-Malaquais,2127
École Nationale Supérieure d'Arts et Métiers - ENSAM,322
École nationale supérieure d'électricité et de mécanique - ENSEM,948
"École Nationale Supérieure d'Électronique, d'Électrotechnique, d'Informatique, d'Hydraulique, et des Télécommunications - ENSEEIHT",958
École nationale supérieure d'hydraulique et de mécanique de Grenoble - ENSHMG,954
École nationale supérieure d'informatique et de mathématiques appliquées de Grenoble - ENSIMAG,952
École nationale supérieure d'informatique pour l'industrie et l'entreprise - ENSIIE,1252
École Nationale Supérieure d'Ingénieurs de Poitiers - ENSIP,326
École nationale supérieure de chimie de Paris - Chimie ParisTech,932
École nationale supérieure de génie industriel - ENSGI,946
École nationale supérieure de géologie - ENSG,943
École nationale supérieure de l'aéronautique et de l'espace,2388
École Nationale Supérieure de l'Électronique et de ses Applications - ENSEA,321
"École nationale supérieure de l’énergie, l’eau et l’environnement - Ense3",956
"École Nationale Supérieure de Physique, Électronique, Matériaux - Phelma",327
École Nationale Supérieure de Techniques Avancées - ENSTA ParisTech,543
École nationale supérieure des arts décoratifs - EnsAD,2129
École Nationale Supérieure des Industries Chimiques - ENSIC,323
École nationale supérieure des ingénieurs en arts chimiques et technologiques - ENSIACET ,1728
École nationale supérieure des mines d'Albi-Carmaux - Mines Albi-Carmaux,1246
Ecole Nationale Supérieure des Mines d'Alès - École des Mines d'Alès - EMA,1247
École nationale supérieure des mines d'Alès - EMA,1729
École nationale supérieure des mines de Douai,1248
École nationale supérieure des mines de Nancy - Mines Nancy,318
École nationale supérieure des mines de Nantes - Mines Nantes,319
École nationale supérieure des mines de Paris - MINES ParisTech,930
École nationale supérieure des mines de Saint-Étienne - Mines Saint-Étienne - Saint-Étienne School of Mines,1249
École nationale supérieure des sciences appliquées et de technologie de Lannion - ENSSAT - Université de Rennes-I,1250
École nationale supérieure des télécommunications de Bretagne - ENST Bretagne - Telecom Bretagne,1251
École Nationale Supérieure en Génie des Systèmes et de L'innovation - ENSGSI,317
École nationale supérieure en systèmes avancés et réseaux -Grenoble INP - Esisar,957
École nationale supérieure Mines-Télécom Atlantique Bretagne Pays de la Loire,1730
École normale supérieure de Lyon,2155
École polytechnique de l'université de Tours,1253
École polytechnique de Montréal,969
École Polytechnique Fédérale de Lausanne - EPFL,192
École Polytechnique Universitaire de Montpellier,369
École pour l'informatique et les nouvelles technologies - EPITECH,2159
École supérieure d'agriculture d'Angers - L'ESA,1731
Ecole Supérieure d'Art Avignon,2156
Ecole Supérieure d'Ingénieur-es en Technologies Innovantes - ESITech,1733
École supérieure d'ingénieurs de Rennes - ESIR - Université de Rennes-I,1254
École Supérieure de Chimie Physique Électronique de Lyon - CPE Lyon,1931
École supérieure de physique et de chimie industrielles de la ville de Paris - ESPCI Paris,1732
Ecologic SAS,2034
Ecomaco S.A.S.,1255
Ecopetrol S.A.,544
Ed. Züblin AG,324
EDF C.N.P.E - Centre Nucléaire de Production d'Electricité,1837
Editora Netwip Internacional S.A.,1873
Eduardoño S.A.,545
Educación Interamericana Técnica - FIT,2451
Educational Testing Service - ETS,331
Edusoluciones S.A.S.,1256
Efeyce Integrales S.A.,546
Eforcers S.A.,1257
EGESTEC S.A.S.,1258
EHU - Ingeniería de proyectos S.A.S,2098
Eidgenössische Technische Hochschule Zürich,193
Eiffage,325
Eince LTDA.,1532
Ejercito Nacional de Colombia - EJC,877
EKIP de Colombia S.A.S.,547
El Colegio de San Luis,2157
El Instituto Tecnológico y de Estudios Superiores de Monterrey,59
El Palmar Del Llano S.A.,732
Électricité de France,1834
Electro Optical System GmbH - EOS,548
Electronica Guinard S.A.S.,1259
Elektriska Svetsnings-Aktiebolaget - ESAB,553
Embajada de la República de Corea en la República de Colombia,1583
Embajada de la Republica Islamica de Iran,2158
Emerson Electric de Colombia Ltda,549
Emgesa S.A.,550
Empresa Aerea de Servicios y Facilitacion Logistica Integral S.A.,1260
Empresa Colombiana de Llantas - ICOLLANTAS,551
"Empresa de Acueducto, Alcantarillado y Aseo de Bogotá - EAAB-ESP",301
Empresa de Energía del Pacífico S.A. - EPSA,1584
Empresa de Licores de Cundinamarca - ELC,1261
Empresa Nacional De Soluciones Automotrices S.A.S.,1262
Empresa publica metropolitana de agua potable y saneamiento - EPMAPS,2463
Encofrados y Equipos S.A.,561
Endava S.A.S.,1263
Energia Eficiente de Colombia - ENEFENCO S.A.S.,562
Energia para el Amazonas S.A E.S.P - ENAM,1264
Energía proactiva S.A.S.,563
Enersinc S.A.S.,1265
Enertolima S.A. E.S.P. - Compañía Energética del Tolima,1266
ENGINEERING & TELECOMUNICACION SOLUTION S.A.S.,2329
Engineering and Telecommunication Solution,2408
Enka de Colombia S.A.,1585
Enrique Dávila Lozano EDL LTDA.,1267
Entrophy Oil Services S.A.S.,1268
Envases Plásticos PACKFILM Ltda.,1842
EPCM de Colombia,1269
Equion Energía Limited,566
EquipNet Colombia S.A.S.,1270
Equipos Tecnicos Y Logistica S.A. - EQUITEL,1271
Erasmus Mundus - External Cooperation Window - EACEA,55
Ernst & Young - EY,567
Ernst-Abbe-Hochschule Jena - EAH Jena,1711
Escalar Ingeniería S.A.S.,568
Escola Politécnica da Universidade de São Paulo - POLI-USP,1734
Escuela Colombiana de Carreras Industriales - ECCI,140
Escuela Colombiana de Ingeniería Julio Garavito,39
Escuela De Administración De Negocios - EAN,26
Escuela de Administración y Contaduría Pública - EACP,311
Escuela de Artes y Letras,2005
Escuela de Aviación del Ejército - ESAVE - Ejercito Nacional de Colombia,1272
Escuela de Cadetes "General Francisco de Paula Santander" - Ecsan,916
Escuela de ingenieros militares - ESING,126
Escuela de Investigación Criminal "Teniente Coronel Elkin Molina Aldana" - ESINC,1854
Escuela de Suboficiales de la Fuerza Aérea Colombiana - ESUFA,328
Escuela Militar de Aviación Marco Fidel Suárez - EMAVI,141
Escuela Militar de Cadetes José María Córdova,2495
Escuela Naval De Cadetes "Almirante Padilla" - ENAP,37
Escuela Normal Superior del Distrito de Barranquilla,2001
Escuela Politécnica Nacional - EPN,1586
Escuela Politécnica Superior de la Universidad Autónoma de Madrid,891
Escuela Superior De Administración Pública - ESAP,27
Escuela Superior de Guerra,2437
Escuela Tecnológica Instituto Técnico Central - ETITC,142
Escuela Tecnológica Instituto Técnico Central La Salle,2003
ESE Hospital San Rafael de Oiba,1273
Esprocons S.A.S.,569
Espumatec Colombia S.C.S.,570
Espumlátex S.A.,571
Estilo Ingeniería S.A. ,1274
Estrella International Energy Services LTDA.,1275
EURAC research,2130
EURECOM,1276
Eurovia S.A.S.,572
Eventos Integrados S.A.S.,573
Everis Colombia LTDA,2415
Evolution Consulting S.A.,1277
EXICARTON S.A.S.,2330
Exsis Software y Soluciones,303
Extrucol S.A.,1860
ExxonMobil Corporation,574
"Facebook, Inc.",575
Facelec S.A.S.,1278
Fachhochschule Bielefeld,1938
Fachhochschule Münster,1955
Fachhochschule Südwestfalen - FH-SWF,2377
Factores y Mercadeo S.A.,1533
Facultad de Enfermería - Universidad Nacional de Colombia,2402
Facultad Latinoamericana de Ciencias Sociales - Flacso,2160
Faurecia Intérieur Industrie,1792
Federación Nacional de Organizaciones de Vivienda,2161
Fepco Zona Franca S.A.S.,578
Festo Ltda,579
Fg Ingenieros S.A.S.,1279
Fiamme S.A.,1280
Filmtex S.A.S.,580
Fiorello H. LaGuardia Community College,2387
Firefly-e,2008
Firmenich S.A.,581
Fitch Ratings Colombia S.A.,1281
Fiza S.A.S,1282
Flexim,2020
Flexo Spring S.A.S.,582
FLOK Society,1587
Flores Canelon S.A.S.,1283
Flores de Bojaca S.A.S.,1284
Flores de Serrezuela S.A.S.,1285
Flores Ubaté S.A.S.,1286
Florida International University - FIU,1287
Florval S.A.S.,1288
Fomento Económico Mexicano S.A.B. de C.V. - FEMSA,475
Fondation Maison des Sciences de l'homme,2162
Formaco S.A.,1289
Frainco Ing Ltda.,584
Frankfurt University of Applied Sciences,2378
Fraunhofer-Gesellschaft,662
Fraunhofer-Institut für Integrierte Schaltungen IIS,585
Fraunhofer-Institut für Produktionstechnik und Automatisierung IPA,1145
Fraunhofer-Institut für Solare Energiesysteme - ISE,880
Freie Universität Berlin - FUB,2163
Fresenius Medical Care AG & Co. KGaA,586
Freyssinet Tierra Armada S.A.S.,587
Friedrich-Alexander-Universität Erlangen-Nürnberg - FAU,332
Fs Proyectos de Ingenieria S.A.S.,1290
FTC Energy group S.A.,564
Fuerza Aérea Colombiana - FAC,1534
FujiSoft Inc,1909
Fulbright Colombia,2164
Fuller Mantenimiento S.A.,1291
Fundação de Apoio à Universidade de São Paulo - FUSP,588
Fundação Memorial da América Latina,2165
Fundación Amigos del Chocó,1588
Fundación Carolina,2121
Fundación Centro de Investigación Docencia y Consultoria Administrativa - CIDCA,894
FUNDACION CIRCULAR CROPS,2331
Fundación Colfuturo,2473
Fundación Colombia Somos Todos,2449
Fundación Corre Libre,589
Fundación de Egresados Universidad Distrital - FEUD,7
Fundación Educativa Santiago Apóstol,917
Fundación Heinrich Böll Stiftung,58
"Fundación Iberoamericana para el Transporte Sostenible, la Responsabilidad Social y Ambiental - FITS",590
FUNDACION MATERIALIZACION 3D,2332
Fundación para la Investigación y el Desarrollo de la Salud y la Seguridad Social - Fedesalud,879
Fundación Pro-Saber,2450
Fundación Teletón,1292
Fundación Transformar,919
Fundación Universidad Agraria - UNIAGRARIA,144
Fundación Universidad Autónoma de Colombia,35
Fundación Universidad Central,123
Fundación Universidad de América,6
Fundación Universidad del Norte,143
Fundación Universitaria - CAFAM,145
Fundación Universitaria Colombo Germana,878
Fundación Universitaria de Boyacá,146
Fundación Universitaria de Envigado,151
Fundación Universitaria de San Gil - Unisangil,2002
Fundación Universitaria del Área Andina,1965
Fundación Universitaria Horizonte,901
Fundación Universitaria Internacional del Trópico Americano,147
Fundación Universitaria Juan de Castellanos,148
Fundación Universitaria Konrad Lorenz,124
Fundación Universitaria Los Libertadores,125
Fundación Universitaria Panamericana - Unipanamericana,149
Fundación Universitaria para el Desarrollo Humano - Uninpahu,893
Fundación Universitaria San Martín,34
Fundación Universitaria San Mateo,1997
Fundación Universitaria Sanitas - Unisanitas,2464
Fundación Universitaria Tecnológico Comfenalco,150
Fundación Universitaria Uniparamericana Compensar,73
Gabriel de Colombia S.A.,554
Galotrans S.A.,591
Gamaceutica S.A.S.,592
"Gap, Inc.",593
Gaseosas Colombianas S.A.S.,2086
Gaseosas Lux S.A.,594
Gatria S.A.S.,595
Gea Soluciones Gis S.A.S. - Geagis S.A.S.,1293
Geekcore S.A.S,1294
Gemalto S.A.,597
Generación Eléctrica de Colombia - Genelec LTDA.,1295
General de Equipos de Colombia S.A. - GECOLSA,596
General Electric Company - GE,598
General Motors - Colombiana de Motores S.A.,605
Generalitat Valenciana - GVA,1589
Geodinamica Ingenieria S.A.,1296
Geomembranas S.A.S.,1297
Georg-August-Universität Göttingen,1298
George Washington University,194
Georgia Institute of Technology,1590
Geosuelos Cía. Ltda.,599
Geotecnia Andina Consultores S.A.S.,600
Geoterra Colsultores Geotécnicos S.A.S.,1299
Gerdau S.A.,528
Gestion Civil Ingenieros S.A.S.,1300
Gestión Total Corporativa S.A.S.,1301
Ghent University,2465
Gia Consultores LTDA.,1302
Gig Colombia S.A.S.,1303
Gilat Colombia S.A. E.S.P. ,1304
Gimnasio Campestre Marie Curie,2448
Gimnasio Imperial,903
Gimnasio Nuevo Despertar,909
Ginger Enterprises Sucursal Colombia,1305
Givaudan,2044
Givaudan S.A.,601
Glass and Glass S.A.S.,602
Glaxosmithkline Colombia S.A.,1016
Global Electromecanica Servicios Sabana Centro LTDA. GESSC,1306
Global Saneamiento Ambiental Ltda.,603
Gloria Colombia S.A.,604
Gobernación de Casanare,2166
Gobernación de Cundinamarca,1735
Gobernación del Guaviare,2167
Gobernación del Vaupés,2168
GOC Sucursal Colombia,1307
"Google, Inc.",606
GoreVega Limited,1591
Göteborgs Universitet,195
Gottfried Wilhelm Leibniz Universität Hannover,242
Granitos y Mármoles S.A.,1308
Green Climate Fund,2479
Green Loop Sustainable Architecture and Engineering Ltda.,607
GROB – WERKE GmbH & Co.KG,2427
Groupe Cahors,1069
Gruas y Equipos S.A.S.,608
Grupo Brumar S.A.S.,469
GRUPO C2 S.A.S.,2333
Grupo Cubo LTDA,2424
Grupo de Desarrollo Tecnológico en Óptica Aplicada,2011
"Grupo de investigación afis (análisis de fallas, integridad y superficies)",1836
Grupo de Investigación Aplicada e Innovación en TIC - inTIColombia,667
Grupo de Investigación de Biomasa y Optimización Térmica de Procesos - BIOT,609
Grupo de Investigación en Compatibilidad Electromagnética - EMCUN,881
Grupo de Investigación en Economía Solidaria - GIES,1592
Grupo de Investigación en Ingeniería de Recursos Hidráulicos - GIREH,610
Grupo de Investigación en Mecanismos de Desarrollo Limpio y Gestión Energética,1835
Grupo De Investigación Producción Ecoamigable De Cultivos Tropicales - PROECUT,1888
Grupo de Modelado y Métodos Numéricos en Ingeniería - Gnum,611
Grupo Energía de Bogotá,2099
Grupo Enobra S.A.S.,1535
Grupo Familia Sancela S.A. - Planta Rionegro,753
Grupo Formarte S.A.S.,1999
Grupo INSA - Ingeniería del Norte S.A.,1309
Grupo IS Colombia S.A.S.,1593
Grupo Janlir S.A.S.,1310
Grupo Sayros,9
Gubkin Russian State University of Oil and Gas - National Research University,202
GUEVARA ALVAREZ INGENIEROS,2334
Guirnaldas S.A.S.,1311
Guivaudan Colombia S.A.S.,2421
Gurimecol Ltda.,614
Hacettepe Üniversitesi - Hacettepe University,1312
Halliburton,616
Hampton University - HU,1594
Hankuk University of Foreign Studies,2169
HAS SQL Ltda.,617
Haute École d'ingénierie et de gestion du canton de Vaud,1595
"Haute École du paysage, d'ingénierie et d'architecture de Genève - HEPIA",1736
Haute École Spécialisée de Suisse Occidentale - HES-SO,1945
HECTOR JULIO FIERRO MORALES,2335
Heinsohn Business Technology,618
Helmholtz-Zentrum Berlin - HZB,1882
Henkel Colombiana S.A.S.,619
Henley Business School,196
HES-SO Valais-Wallis,1814
Hi-tech Institute of Engineering and Technology - HIET,1596
Hidrinco S.A.S.,1313
Hidroconsulta S.A.S.,305
Hidroingenio S.A.S.,1314
HidroMed S.A.,1826
Hidrotecnik S.A.S,1315
High Tech Software S.A.S.,1316
HighTech Solutions,620
Higuera Niño Asociados Ltda – HNA Ingeniería,623
Hilti Colombia S.A.S.,1317
Hiroshima University,2132
HITACHI VANTARA COLOMBIA S.A.S.,2336
HJ Ingenieros Civiles LTDA.,1318
HMV INGENIEROS LTDA,2337
HMV Ingenieros Ltda.,622
Hochschule für Technik Wirtschaft und Medien Offenburg,334
Hochschule Geisenheim University,2170
Hochschule Rhein-Waal - HSRW,2204
Hochschulrektorenkonferenz,2171
Hokkaido National Industrial Research Institute,204
Holcim S.A.,625
Honda Research Institute Europe,1795
HORNITOS PANADERIA Y PASTELERIA,2338
Hospital General Universitario Gregorio Marañón,1597
Hospital Universitario de La Samaritana,1881
Hospital Universitario Hernando Moncaleano Perdomo,1107
Hospital Universitario San Ignacio,626
Hotel Refugio Génesis,627
Huawei Technologies Colombia SAS,2119
Hubei University of Arts and Science,2172
Human Excellencies S.A.S.,1319
Humboldt-Universität zu Berlin,197
Hvac Consulting S.A.S.,1320
HYVA HOLDING B.V,2064
ICASS SpA,1598
Icollantas S.A.,633
Idea Empresa de Servicios Petroleros y Energeticos S.A.S.,634
Ideas Soluciones Colombia S.A.S.,1321
IE Business School,198
IE University,962
Ig Biz Solutions S.A.S.,1322
Imal S.A.,1599
IMETI S.A.S.,882
Imocom S.A.,635
Imoprop LTDA,1323
Imsel Ltda.,636
IMT Atlantique Bretagne Pays de la Loire,1791
IMT Lille Douai - Première école d'ingénieurs au nord de Paris,1790
Inca Fruehauf S.A.,1324
Inclam Sucursal de Colombia,1325
Incolbest S.A.,632
Independence Drilling S.A.,639
Indian Institute of Technology Delhi,1326
Indiana University - Purdue University Indianapolis -  IUPUI,1600
Indired S.A.S. ,1327
Indudata S.A.S.,640
Indumil,1156
Indumuebles Hernández Ltda.,641
Industria Colombiana de Carne - INCOLCAR S.A.,637
Industria Nacional de Gaseosas S.A,643
"Industrial Process Mechanics S.A.S., ",2063
Industrias ESTRA S.A,642
Industrias Haceb S.A.,615
Industrias Protón Ltda,644
Industrias Proton Ltda.,1052
Industrias Químicas FIQ S.A.S.,1328
Industrias Ramfe Ltda.,645
Inelectra Internacional a Tiger Company,647
Inerco Consultoria Colombia LTDA.,1329
Infineon Technologies AG,646
Infodatum S.A.S.,648
Ingecon S.A.S.,1151
Ingeniería 2000 LTDA.,1330
Ingeniería Construcciones Y Diseños S.A.S.,1149
Ingeniería Consultoría y Planeación - INCOPLAN S.A.,638
Ingeniería de Petróleos S.A.S.,1155
Ingenieria de Soluciones Viales Integrales - Isovial S.A.S.,1134
Ingeniería De Tráfico SL - INTRA,1601
Ingenieria e irrigacion Irriplast S.A.S.,1153
Ingeniería Especializada S.A.,649
Ingeniería Estructural y Construcciones Ltda.,650
Ingeniería FS Ltda.,651
Ingeniería Induworker LTDA.,1331
Ingenieria Soluciones Industriales Insoin S.A.S.,1332
Ingenieria Vias Y Geotecnia S.A.S.,1551
Ingeniería y Georiesgos - IGR Ltda.,652
Ingeniería y Geotecnia Ltda.,653
Ingenieria y Mantenimiento S.A.S.,1150
Ingenieria Y Proyectos de Colombia S.A.S.,1333
INGENIERIA Y SERVICIOS TECNICOS SERINGTEC S.A.S.,2339
Ingeniería y Soluciones Efectivas S.A.S.,654
Ingenieurbüro Schießl Gehlen Sodeikat GmbH,655
Ingenieurgesellschaft Auto und Verkehr GmbH - IAV,628
Ingenio La Cabaña S. A.,1148
"Ingenio Pantaleón, Bioetanol S.A",2013
Ingenio Providencia S.A.,656
INGERCIVIL S.A.S.,2340
Ingetec S.A.,657
Ingeurvias S.A.S.,1147
Inkremental S.A.S.,1334
Inmecolsa S.A.,658
InnovaHiEd,1602
INNPulsa,1903
INSTALACIONES HIDRAULICAS Y SANITARIAS W.C. S.A.S.,2341
Institución Educativa Académico De Paipa,53
Institución Educativa Distrital Atahualpa,914
Institución Educativa Distrital Usaquén,1910
Institución Educativa Escuela Normal Superior Nuestra Señora de la Candelaria,2491
Institución educativa Ismael Perdomo Borrero,2490
Institución Educativa Juan Bautista Migani,2489
Institución Educativa Juan XXIII,907
Institución Educativa Los Negros,910
Institución Educativa Roberto Durán Alvira,913
Institución Educativa San José,2488
Institución Universitaria Latina Unilatina,2447
Institución Universitaria Politécnico Grancolombiano,152
Institut Català d'Investigació Química - ICIQ,1805
Institut d'études politiques de Grenoble - Sciences Po Grenoble,1604
"Institut de chimie et procédés pour l’énergie, l'environnement et la santé - ICPEES",2078
Institut de Ciències de la Terra Jaume Almera - ICTJA,883
Institut de recherche pour le développement - IRD,2173
Institut de Robòtica i Informàtica Industrial - IRI,1603
Institut de Science des Matériaux de Mulhouse,1146
Institut des sciences et industries du vivant et de l'environnement - AgroParisTech,928
Institut des sciences et technologies de Paris - ParisTech,2174
Institut für Fabrikbetrieb und automatisierung - Fraunhofer IFF,1944
Institut für Kunststofftechnik - IKT,974
"Institut für Optronik, Systemtechnik und Bildauswertung - Fraunhofer IOSB",1943
Institut für Robotik und Mechatronik,659
Institut Méditerranéen d'Océanologie,1935
Institut Mines-Télécom - IMT,1335
Institut national d'études supérieures agronomiques de Montpellier - Montpellier SupAgro,2128
Institut national de la recherche scientifique - Université du Québec - INRS,1336
Institut National des Sciences Appliquées - INSA,335
Institut National des Sciences Appliquées Centre Val de Loire - INSA Loire,949
Institut National des Sciences Appliquées de Lyon - INSA Lyon,205
Institut national des Sciences Appliquées de Rennes - INSA Rennes,945
Institut National des Sciences Appliquées de Rouen - INSA Rouen,338
Institut National des Sciences Appliquées de Strasbourg - INSA Strasbourg,336
Institut National des Sciences Appliquées de Toulouse - INSA Toulouse,337
Institut National Polytechnique de Lorraine - INPL,950
Institut National Polytechnique de Toulouse,339
Institut Nationale polytechnique de Grenoble - INPG,333
Institut supérieur d'agriculture de Lille - ISA,1337
Institut supérieur d'agriculture et d'agroalimentaire Rhône-Alpes -ISARA-Lyon,1338
Institut Supérieur de l'Aéronautique et de l'Espace - ISAE- SUPAERO,1339
Institut Supérieur de l'Aéronautique et de l'Espace - SUPAERO,98
Institut universitaire de technologie Robert-Schuman - IUT,1737
Institute for Environment and Sustainability - IES,1605
Institute of Chemical Technology - ICT,971
Institute of Electrical and Electronics Engineers - IEEE,54
Instituto Académico Bethel,1911
Instituto Alberto Merani,33
Instituto Argentino de Oceanografía,2306
Instituto Caro y Cuervo,2057
Instituto Centro de Sistemas S.A.S - System Center,1853
Instituto Colombiano Agropecuario - ICA,1845
INSTITUTO COLOMBIANO DE ANTROPOLOGIA E HISTORIA - ICANH,2342
Instituto Colombiano de Aprendizaje - INCAP,153
Instituto Colombiano de Crédito Educativo y Estudios Técnicos en el Exterior -  ICETEX,2176
Instituto Colombiano del Petróleo,1606
Instituto Colombiano para el Desarrollo de la Ciencia y la Tecnología 'Francisco José de Caldas' - COLCIENCIAS,11
Instituto Colombiano para la Evaluación de la Educación - ICFES,56
Instituto Cooperativo Agroindustrial,96
Instituto de Agroquímica y Tecnología de Alimentos - IATA,1948
Instituto de Astrobiología de Colombia - IAC,1884
Instituto de Biotecnología - IBUN,631
Instituto de Ciencia de Materiales de Madrid,1934
Instituto de Ciencia y Tecnología de Alimentos - ICTA,1823
Instituto de Ciencias de la Construcción Eduardo Torroja - IETcc,370
Instituto de Cooperación Iberoamericana - ICI,2177
Instituto de Desarrollo Urbano - IDU,1144
"Instituto de Ecología, A.C. - INECOL",2178
Instituto de Estudios del Ministerio Público - IEMP,884
Instituto de Estudios en Comunicación y Cultura - IECO,660
Instituto de Estudios Territoriales de Cataluña,2506
Instituto de Genética - Universidad Nacional de Colombia,355
"Instituto de Hidrología, Meteorología y Estudios Ambientales - IDEAM",1809
Instituto de Infraestructura y Concesiones de Cundinamarca - ICCU,661
Instituto de Investigación en Ciencias de la Alimentación - CIAL,1808
Instituto de Investigación en Educación - IEDU,624
Instituto de Investigación y Formación Agraria y Pesquera - IFAPA,1607
Instituto de Investigaciones Eléctricas,2184
Instituto de los Seguros Sociales,2179
Instituto de Salud Carlos III,2180
Instituto de Tránsito y Transporte de Acacías - ITTA,1131
"Instituto Distrital de Ciencia, Biotecnología e Innovación en Salud - IDCBIS",1811
Instituto Ene Audio,392
"Instituto Federal de Educação, Ciência e Tecnologia de Rondônia",2181
Instituto Francés de Estudios Andinos - IFEA,2182
Instituto Geográfico Agustín Codazzi - IGAC,663
Instituto Mexicano de Tecnología del Agua,1949
Instituto Mexicano del Transporte,1608
"Instituto Nacional de Astrofísica, Óptica y Electrónica - INAOE",1609
Instituto Nacional de Cancerología - ESE,664
Instituto Nacional de Ciberseguridad,2487
Instituto Nacional de Ciencias Agrícolas - INCA,1524
"Instituto Nacional de Investigaciones Forestales, Agrícolas y Pecuarias - INIFAP",1952
Instituto Nacional de Metrología de Colombia,1878
Instituto Nacional de Pesquisas Espaciais - INPE,1812
Instituto Nacional de Vigilancia de Medicamento - INVIMA,669
Instituto Nacional Superior de Ciencias Agronómicas,665
Instituto para la Investigación y la Preservación del Patrimonio Cultural y Natural del Valle del Cauca - INCIVA,2183
Instituto Pedagógico Arturo Ramírez Montúfar - IPARM,288
Instituto Pedro Justo Berrío,2027
Instituto Politécnico De Telecomunicaciones Osvaldo Herrera,922
Instituto Politécnico Nacional,1157
Instituto Politécnico Nacional - IPN,1610
Instituto Politenico Monseñor Manuel Sorzano Gonzaléz,2446
Instituto San Bernardo de la Salle,1847
Instituto San Ignacio De Loyola,2445
Instituto San Pablo Apóstol,1143
Instituto Superior de Ciencias Agropecuarias de Cuba,2505
Instituto Superior Minero Metalúrgico de Moa - ISMMM,2186
Instituto Tecnico Agrícola,2466
Instituto Técnico Industrial Francisco de Paula Santander,1918
Instituto Técnico Industrial Francisco José de Caldas,2494
Instituto Tecnico Industrial Pedro Castro Monsalvo,2485
Instituto Técnico Industrial Piloto,49
Instituto Técnico Nacional De Comercio,10
Instituto Tecnisistemas,2007
Instituto Tecnológico de Buenos Aires,1611
Instituto Tecnológico de Celaya,1612
Instituto Tecnológico de Colima - ITC,1738
Instituto Tecnológico de Mazatlán,2379
Instituto Tecnológico de Orizaba - ITO,1739
Instituto Tecnológico de Querétaro,2380
Instituto Tecnológico Del Putumayo,1852
Instituto Tecnológico Metropolitano,154
Instituto Tecnológico Superior de Misantla,2118
Instituto Triángulo ,177
Instituto Valenciano de Investigaciones Agrarias - IVIA,1613
Instituto Venezolano de Investigaciones Científicas - IVIC,2187
Instrumentacion Y Servicios S.A.S.,1536
Instrumentos y controles S.A - IYCSA,666
Intecom S.A.S.,1340
Integrador de Soluciones Tecnológicas S.A.S. - IST Internacional,1614
Inter American Development Bank - IADB,50
Interconexión Eléctrica S.A. E.S.P.,1136
Interdico Ltda.,1142
Intergráficas S.A,1141
International Association for Pattern Recognition,1972
International Business Machines Corporation - IBM,629
International Business Machines Corporation - IBM Colombia,630
International Center for Numerical Methods in Engineering - CIMNE,2460
International Center for Tropical Agriculture - CIAT,1615
International Coach Federation - ICF Colombia,1616
International Conference on Renewable Energy Research and Applications.,2493
International Institute for Geo-Information Science and Earth Observation,203
International Physics Olympiad,2480
International Society for Rock Mechanics - ISRM,1617
International Software Quality Institute - iSQI,23
International Software Testing Qualifications Board - ISTQB,1894
International Telecommunication Union - UIT,101
Internet Services LATAM S.A.S.,2101
Intervet Schering-Plough Animal Health,1140
Interworld Freight LTDA.,1537
Intituto Británico,895
Inversiones Carcondor S.A.S.,1341
Inversiones INNA S.A.S.,668
Inversiones Y Proyectos De Arquitectura S.A.S.,1138
INZETA S.A.S.,2343
Iowa State University - ISU,1342
Ip Integrated Services LTDA.,1343
IPcom Sistemas S.A.S.,1344
IPLER CI S.A.,1858
IPROMEC S.A.S.,2344
IPS Centro Terapéutico Fomaci,1857
Iq Information Quality S.A.S.,1345
Irridelco S.A.,1137
Irriplast E.U.,670
IRT Nanoelec- Institut de Recherche Technologique,1123
IRT Saint Exupery,2102
ISAGEN S.A. E.S.P,1135
iShop Colombia S.A.S.,1843
IT  270  S.A.S.,2345
IT Applications Consulting - ITAC,672
IT Consultores S.A.S - ITCON,671
IT Osmosys S.A.S.,1133
"IT&M Ingeniería, Tecnología & Medio Ambiente Ltda.",1132
Italcol Alimentos Concentrados,673
Itansuca Proyectos de Ingeniería S.A.S.,1139
ITC Soluciones Tecnológicas S.A.S.,674
iThemba LABS,1950
Ivane Javakhishvili Tbilisi State University,2193
Iversur Colombia S.A.,1130
JABONERIA LADYS D&D S.A.S. (JLS),2346
JAFA Inversiones S.A.S,675
Jagiellonian University,1716
Jairo Pedraza S.A.S.,676
JAM Ingeniería Y Medio Ambiente S.A.S,1346
Jardín Botánico de Bogotá "José Celestino Mutis",1885
Jardín Botánico de San Andrés,1129
Jardin Infantil La Sombrillita Azul,1538
Jardines Del Apogeo S.A.,1347
Jasen Ltda.,677
Javar S.A.S.,555
JCB Ingenieria S A S,1348
Jeju National University,2188
JGM Consultores S.A.S.,678
JMD Ingeniería S.A.S,679
Johannes Gutenberg-Universität Mainz,1349
Johnson Diversey Colombia Ltda.,680
Jovega Ingeniería SAS,681
Juan Carlos Belalcazar Benitez,1350
Junta de Acción Comunal- barrio Villa del Oriente - Villavicencio,682
Junta de Castilla y León,2189
Junta Directiva del Club de Ingenieros de Bogotá D.C,2401
Justus Liebig-Universität Gießen - Justus Liebig University Giessen,1351
Karlsruher Institut für Technologie - KIT,262
KATHARSIS S.A.S.,2347
Katholieke Universiteit Leuven - KU Leuven,1815
Katholische Universität Eichstätt-Ingolstadt,261
Kent State University - KSU,1352
Key Energy Services,683
Kimberly-Clark Corporation,684
Kimberly-Clark Corporation Colombia,1128
King's College London,1127
Klaipėda University,1740
KLEE SOFTWARE  S.A.S.,2348
KLIMATIZAR COLOMBIA S.A.S.,2349
KNAR S.A.S,2418
Knorr-Bremse,685
Knowledge and Integration Architects S.A.S.,1353
Kobe Colombia S.A.S.,1354
Konecranes Colombia S.A.S,1152
Koninklijke Philips N.V. - Colombia,738
Konkuk University,1741
Korea Digital Hospital Export Agency - KOHEA,2190
Korea University,1742
KPM,1876
KTH Royal Institute of Technology,2510
Kudos Ltda.,556
KUKA Laboratories GmbH,1126
Kungliga Tekniska Högskolan - KTH,1355
Kyoto University,1619
Kyushu University,1620
Københavns Universitet - University of Copenhagen - UCPH,1618
L'Atelier Bogotá S.A.S.,1357
L'Institut de Recherche Technologique mutualisé - IRT Jules Verne,1802
Laboratoire d'Analyse et d'Architecture des Systèmes - LAAS-CNRS,1951
Laboratoire d'Informatique de Grenoble,1124
Laboratoire Interdisciplinaire des Environnements Continentaux - LIEC ,885
Laboratoire Réactions et Génie des Procédés - LRGP,886
Laboratoires Lehning,687
Laboratorio de Ensayos Eléctricos Industriales - LABE,688
Laboratorio de Geotecnia de la Universidad Nacional de Colombia,689
Laboratorio de Ingeniería Química - LIQ,887
Laboratorio de Plantas Térmicas y Energías Renovables,690
Laboratorio multianálisis S.A.S.,1356
Laboratorio Sala CAM,691
Laboratorios Bussié S.A.,2191
Laboratorios Cosméticos Vogue S.A.S.,692
Laboratorios La Santé S.A.,1122
Laboratorios Ltda,1125
Lafayette S.A.,1121
Lamitech S.A.S.,1120
Laps Ingeniería S.A.S.,1119
Latingraf S.A.S.,1883
Latvijas Universitāte - LU,2236
Laufenberg GmbH,431
LCS Colombia,1118
LeadOn Aktiebolag,693
Legrand Colombia S.A,1906
Leibniz Institut für Festkörper und Werkstoffforschung - IFW Dresden,1947
Leibniz-Institut für ökologische Raumentwicklung - IOER,2192
Lenes Ingenieria ,1117
Leroy-Somer Colombia,1116
Leuphana Universität Lüneburg - Leuphana University of Lüneburg,1358
Level 3 Colombia S.A.,1833
Leven Company Ltda.,694
Leviton Manufacturing Company,206
Libera Università di Bolzano - UNIBZ,1359
Liceo Alexander von Humboldt,1855
Liceo Campestre Andino,2444
Liceo Contadora,1869
Liceo Femenino Nuestra Señora Del Pilar ,1871
Liceo Hypatia,2442
Liceo Juan Pablo II,2004
Liceo Lorens,1996
Liceo Nacional de bachillerato,2484
Liceo San Basilio Magno,1916
Liceo Val,2443
Liebherr-Mining Equipment Colmar S.A.S,1115
Liminal Ltda.,1114
Lincoln Soldaduras de Colombia LTDA.,1360
Linde Colombia S.A.,1539
Lipesa Colombia S.A.,695
Logisticapp S.A.S.,696
Lomonosov Moscow State University,241
London School of Economics and Political Science,207
Longchamp,1112
Lopez & Asociados consultores maritimos portuarios y otm S. en C.,1111
Los Alamos National Laboratory - LANL,1621
Louisiana State University,2397
Louisiana Tech University,1954
Lovely Professional University - LPU,697
Ludwig-Maximilians Universität München - LMU,2194
LUMON S.A.S.,2350
Lunds Universitet - LU,208
LyondellBasell Industries N.V.,1622
M&M Servicios Profesionales de Ingeniería Civil S.A.S.,1110
M.C.S. Mantenimiento Industrial Ltda.,1102
M.I. Overseas Limited,711
Macquarie University,1743
MACROPROYECTOS SAS,2351
Mafre Seguros generales de Colombia S.A.,1109
MAKCLAUS CIA LTDA,1879
Makro,698
Makro Super Mayorista S.A.S.,1108
Malmö högskola,944
Malmö Universitet,973
MAN Truck & Bus AG,699
Manimator LTDA.,1361
Manufacturas de Cemento S.A.,1106
Manufacturing & Rental S.A.S.,1105
Marco Aldemar Martin Buitrago,1362
Marco Tulio Benitez Mateus S.A.S.,1363
Marti Deutschland GmbH,315
Martin-Luther-Universität Halle-Wittenberg,987
Masino Engineering Design S.A.S.,1364
Massachusetts Institute of Technology - MIT,209
Massey University,2195
MathWorks,2483
Mavicontrol LTDA,1365
Mavimetal Ltda.,700
Max-Planck-Institut,1623
Mazda de Colombia S.A.S.,701
Mazda Motor Corporation,495
McDonald's,1103
Mecánicos Asociados S.A.S - STORK,702
Mecanizados CNC Ltda,703
Mecanizados Insdustriales Precisión Ltda.,704
Medallas Colombianas S.A.S. - MECO,705
Media Commerce Partners S.A.S.,1101
Medro Wheels France S.A.S.,1100
Memorial Sloan Kettering Cancer Center - MSK,1624
Mendelova univerzita v Brně,1797
Mercado y Bolsa S.A.,706
Mercer (Colombia) Ltda.,1840
Merck KGaA,1099
Mercury Trade Finance Solutions,2088
Meridian Group S.A.S.,1824
Mersen Corporate Services S.A.S.,707
Mestrelab Research S.L.,1625
Meta Fish Food Company S.A.,1626
Metalarango’s Ltda.,1098
Metalicas Granobles S.A.S.,1097
Metalmecanica Mind S.A.S,1366
Metalquímica Colombiana Ltda.,708
Mexichem Colombia S.A.S.,709
MG Consultores S.A.S.,1367
MGM Ingeniería y Proyectos S.A.S.,710
MHEV Ingenieria S.A.S.,1368
Michelin Colombia,1096
Michigan State University,210
Microsoft Corporation,211
Mikra CAD CAM CAE Ltda.,712
Milenario S.A.S.,1369
Milsen S.A.,713
Mind Marketing Industrial S.A.S - MIND,714
Mindshare De Colombia LTDA.,1370
Minecoandina S.A.S.,715
Minería Inter American S.A.S.,716
Mineria Texas Colombia S.A.,1095
Minipak S.A.S.,717
Ministerio de Ambiente y Desarrollo Sostenible,1371
"Ministerio de Comercio, Industria y Turismo de Colombia",1627
Ministerio de Educación Nacional de Colombia,48
Ministerio de Hacienda y Crédito Público,1372
Ministerio de Minas y Energía ,2083
Ministerio de Relaciones Exteriores,2514
Ministerio de Salud y Protección Social,2509
Ministerio de Tecnologías de la Información y las Comunicaciones - MINTIC,533
Ministerio de Transporte,1094
Ministerio del Interior,1093
Minnesota Mining and Manufacturing Company - 3M,1897
Misión Diplomática de Palestina en Colombia,2513
Mississippi State University,972
Mixed Media Ltda,2073
MMM Münchener Medizin Mechanik GmbH,2393
Molas & Cueros S.A.S.,1540
Monash University,1744
Mondelez Colombia S.A.S.,1830
Mondragon Unibertsitatea - MU,1373
Montajes JM S.A.,718
Monterra. Productora y Comercializadora Agroindustrial Colombiana S.A.S.,1541
Moscow Technical University of Communications and Informatics,201
Mota Engil Engenharia E Construcao S.A.,1374
Motores Y Maquinas S.A. Motorysa,1375
Motorola Solutions Colombia Ltda.,719
Motriza S.A.,1092
Mottif S.A.S.,1376
Mountain Roses S.A.S.,1091
Movistar,835
MPS MAYORISTA DE COLOMBIA S.A.,2352
MTE Engineering AG,1090
Multidimensionales S.A.S.,557
Munich Zoo Hellabrunn,2305
Municipio de Providencia y Santa Catalina,2511
Murex,1089
Museum für Naturkunde - Leibniz Institute for Evolution and Biodiversity Science,2197
National Center for Agricultural Utilization Research - NCAUR,1956
National Center for Biotechnology Information - NCBI,1628
National Institute Of Standard and Technology - NIST,1886
National Instruments,2482
National Oceanic and Atmospheric Administration - NOAA,1629
Nature & Technology E.U.,720
Naval Postgraduate School,1942
Navitrans S.A.S.,721
NB Constructora S.A.S.,1088
Nedsun Ltda,558
NEIA S.A.S,2067
Nelson Aníbal Pinzón Casallas,2066
Neoingenieria P&T S.A.S.,1086
Nestle Purina Pet Care de Colombia S. A.,1085
Nestlé Waters H.Q.,722
NETAFIM COLOMBIA LTDA,2103
Networking Ingeniería S.A.S.,1377
Netze Ltda.,559
NeuroEconomix S.A.S.,888
New Mexico Institute of Mining and Technology - New Mexico Tech - New Mexico School of Mines,1378
New Trading International S.A.S.,1379
Newell Sanford S.A - Colombia,782
Newnet S.A.,1380
Non Plus Ultra S.A.,302
Norges teknisk-naturvitenskapelige universitet,1959
Normal Superior I.E.D,915
North Carolina State University,2131
Novambientti Soluciones Ambientales,2071
Novaplast S.A.,723
NOVASEC S.A.S.,2353
NOVATOURS LTDA,2354
Novosibirsk State Technical University,2389
NOVUS INGENIERIA S.A.S.,2355
NSDIS Animation Software S.A. - Naska Digital,896
"Nuance Communications, Inc.",970
Numatic International GmbH,340
Nutrianálisis Ltda,307
Nutricontrol,1630
Oasis IT S.A.S.,724
Observatorio Colombiano de Ciencia y Tecnología - OCyT,1631
Observatorio del Territorio - Unillanos,889
Observatorio TICUN.,725
Ocati S.A.,1381
OCC Consulting S.A.S.,1382
Occidental de Colombia - OXY,726
Occidental De Colombia Inc.,560
OCP Trace S.A.S.,727
Offenburg University of Applied Sciences,1523
Oficina Comercial de Taipei en Colombia,2105
Oficomco S.A.S.,1383
Ohio State University,212
Oilfield Services & Supplies S.A.S.,1542
Oinco S.A.S.,1384
Okayama University - Okayama Daigaku,1632
Olimpiada Iberoamericana de Física,2481
Omnicon S.A.,1082
ONF Andina,1633
Online4Biz S.A.S.,1081
Open Box Ltda.,1079
Open Market,729
Oportunidad Estratégica Ltda.,730
Oracle Corporation,1895
Orange S.A.,1078
Organización de las Naciones Unidas para el Desarrollo Industrial - ONUDI,1080
"Organización de las Naciones Unidas para la Educación, la Ciencia y la Cultura - UNESCO",2198
Organización Latinoamericana de Energía - OLADE,2199
Organización Suma S.A.S,817
Organización Terpel S.A,840
Organization of American States,2029
"ORI - Facultad de Ingeniería, Universidad Nacional de Colombia, Sede Bogotá",95
Osaka University,1385
Osho Ingenieria Ltda.,1077
OSP International CALA S.A.S,1386
Osservatorio Astronomico di Brera - INAF - OA-Brera,2200
Ostbayerische Technische Hochschule Regensburg - OTH ,1709
Otto von Guericke University Magdeburg,1634
Owens Illinois Peldar - O-I Peldar,728
Oyempaques C.A.,1076
P&P Proyectos S.A.S.,764
P.V.C. Gerfor S.A.,763
Pacific Northwest National Laboratory - PNNL,1635
Palmas Oleaginosas de Cáscara LTDA,2090
Parque Industrial Malambo S.A. - PRIMSA,733
Parques Nacionales Naturales de Colombia,2501
Partequipos S.A.,1387
PAVCO S.A.,734
Payc S.A.,1075
Pázmány Péter Catholic University,2400
Pc Smart S.A.S.,735
Pegaflex De Colombia Ltda.,736
Pegatex Artecola S.A,737
Peoples' Friendship University of Russia - RUDN,232
PEPSICO alimentos Colombia,2089
PERENCO Colombia LTDA,2419
PERFORMANCE SPECIALITY PRODUCTS COLOMBIA S.A.S.,2356
PERFUMERIA COSMETICOS Y FARMACEUTICOS LTDA.,2357
PERSOM EMPRESA DE SERVICIOS TEMPORALES S.A.S.,2358
Peter the Great St. Petersburg Polytechnic University,2201
Petrobras,1074
Petrocasinos S.A.,1064
Petrochem y Bioenergy S.A.S.,612
Petroherramientas y servicios ltda,1859
Petrominerales Ltda.,1073
Pharmetique Labs,686
Phe Apps S.A.S.,1072
Phi Beta Kappa Society,2478
Philips Colombiana S.A.S.,213
Philips Lighting Colombiana S.A.S.,1839
Pierburg Pump Technology GmbH,739
Pildo Labs,1953
Pinturas y acabados 3P S.A.S,740
Pixel Studios,1875
PL Ingeniería S.A.S,1071
Placas Modulares S.A.S.,1388
Placecol S.A.,1389
Plastilene S.A.,1070
Plastipack S.A.,741
Plinco S.A.,1390
Poligrow Colombia S.A.S.,1391
Polimerica S.A.S.,1392
Politechnika Łódzka - Lodz University of Technology,1393
Politécnico Colombiano Jaime Isaza Cadavid,155
Politécnico Colombo Andino,900
Politécnico De Las Américas,904
Politecnico di Bari,1817
Politecnico di Milano,214
Politecnico di Torino,215
Politécnico Indes,2441
Politécnico Internacional,1866
Politécnico Unión Europea,57
Pontificia Universidad Católica de Chile - PUC,341
Pontificia Universidad Católica de Valparaíso - PUCV,1636
Pontificia Universidad Católica del Ecuador - PUCE,1395
Pontificia Universidad Católica del Perú - PUCP,1745
Pontificia Universidad Javeriana,36
Pontifícia Universidade Católica de Minas Gerais,350
Pontifícia Universidade Católica do Paraná - PUCPR,1396
Pontifícia Universidade Católica do Rio de Janeiro - PUC-Rio,342
Porvenir S.A.,583
Positiva Compañia de Seguros S.A.,1397
Postamar Ltda.,1068
Power and Energy Systems Solutions - Soluciones para Sistemas de Energia Y Potencia S.A.S.,1398
Powersun S.A.S.,742
Prabyc Ingenieros S.A.S,1067
Praco Didacol S.A.,1066
Pracol S.A.S.,1065
"Precision 2000, Inc.",743
Preflex S.A.,744
Premodulares Ltda.,745
Prevención y Logística Ingeniería Especializada Ltda.,746
PREVEO S.A.S.,1825
Pro-Eléctricos Ltda.,1401
PROALCO BEAKERT S.A.S. (PRODUCTORA DE ALAMBRES COLOMBIANOS),2359
Proamérica S.A.S,747
Proamérica S.A.S.,1399
Proasem S.A.,748
Procafecol S.A.,2082
Procalidad S.A.,749
PROCESOS Y OPERACIONES LTDA.,2360
Process Solutions and Equipment S.A.S.,1400
ProCibernetica S.A.,1062
Procter & Gamble Colombia Ltda - P&G,751
Productora de cables Procables S.A.S.,1063
Productores de Lubricantes S.A. - Prolub ,752
Productos de Aseo el Jaguar S.A.S.,1061
Productos Familia S.A.,576
Productos G.C. Ltda.,1060
Productos Naturales de la Sabana S.A. - Alquería,754
Productos Nutrí Equinos S.A.S.,755
Productos Químicos Panamericanos S.A.,756
Productos Ramo S.A.,1059
Productos Roche S.A.,1058
Proelectricos Ltda.,757
Proenfar S.A.S.,758
Profactor GmbH - Upper Austrian Reaserch Group - UAR,2384
Profes En Casa,899
Profesionales Corrosión LTDA - Procorr,750
Profit S.A.S.,1057
Programa de Investigación en Tránsito y Transporte - PIT,731
Programa de las Naciones Unidas para el Desarrollo - United Nations Development Programme - UNDP - PNUD,1402
Project Management Institute,2477
Projection Core Consulting S.A.S.,1056
Proplantas S.A.,1055
Proquinal S.A.,759
Prosein de Colombia S.A.S.,1543
PROSUIN DE COLOMBIA S.A.S.,2361
Protabaco S.A.S.,760
Protecsa S.A.,1054
Proteicol S.A.,1053
Protela S.A.,761
Protisa Colombia S.A.,1403
Proyectar Construccion S.A.S.,1404
Proyecto Kalú,2502
Proyectos de Ingenieria y Desarrollos S.A.S.,1405
Proyectos Generales de Ingeniería S.A.S.,1051
PSL Productora de Software S.A.,1406
Pukyong National University - PKNU,1407
Purdue University,216
Purotodo S.A.S.,1408
PVC LEO S.A.,1050
Qfc S.A.S.,765
Qoopa S.A.S.,766
Quala S.A.,767
Quantil S.A.S.,1409
Quarks Company S.A.S.,565
Queen's University,1049
Quintero Leather S.A.S.,1410
Quirurgil S.A.S.,768
Quisol Ltda.,1048
R&R Media Group LLC,1047
Radiall,769
Ramfe S.A.S.,1046
Rapiscol S.A.,1045
RAPSODEE Research Centre UMR CNRS,2030
Raycal S.A.S.,770
Recol Pinturas S.A.S.,771
Red Colombiana de Calidad del Software,1044
Red Colombiana de Semilleros de Investigación - REDCOLSI,31
Red de Macro Universidades de América Latina y el Caribe,2202
Red Expertos LTDA.,1522
Red Iberoamericana de Biotecnología Isla Negra - RIABIN,2203
Red Verde Ecológica,2055
"Redondo Optics, Inc.",772
REFINANCIA S.A.S.,2362
Regeneracion Ltda.,773
Renfort - Apoyo Escolar ,2455
Renosa S.A.S.,1043
Rensselaer Polytechnic Institute,200
Rensselaer Polytechnic Institute,1637
Repreventas de Bogotá S.A,774
Repsol Technology Center,1638
Republica de Colombia - Cámara de Representantes,2404
Restrepo Comercial Interandina Cía. LTDA.,1411
Reymar Steel Co.,1042
RG Ltda.,775
Rheinische Friedrich-Wilhelms-Universität,1717
Riaño Construcciones Ltda.,776
RICOH COLOMBIA S.A.,2363
Rmp Services S.A.S.,1412
Robert Bosch GmbH,777
Robert R. McCormick School of Engineering and Applied Science,1639
Robótica Colombia S.A.S.,1041
ROBOTICA COLOMBIA S.A.S.,2364
Rockwell Colombia S.A.,1413
Rodríguez & Londoño S.A. - RYLSA,778
Rohm and Haas Company,779
ROKK3RLABS COLOMBIA S.A.S.,2365
Rolls-Royce,780
Ronald Camacho Soluciones S.A.S.,1040
"Royal Holloway, University of London - RHUL",1640
RT Ingeniería S.A.S.,1039
RTRC  COLOMBIA LTDA  (ROSEN GRUOUP),2366
Ruhr-Universität Bochum - RUB,1641
Ruiz Fajardo Ingenieros Asociados S.A.S.,1038
Russian State Social University - RGSU,1746
Ruta INTI,1914
RWTH Aachen University,1642
Ryerson University,2205
Saeta International Sport Wear Ltda.,781
Saicon Ingeniería S.A.S.,1544
Saint Louis University - SLU,1747
Saint-Gobain Colombia S.A.S.,1831
Saludplus Instituto De Educacion Para El Trabajo Y Desarrollo Humano S A S,2438
Sandab Inversiones LTDA.,1414
Sanicoc S.A.S.,1036
Santillana de Seguridad Vigilancia Privada Ldta.,1035
SAP SE,1034
Sapienza-Università di Roma - Sapienza University of Rome,1415
SASL Colombia E.U.,1033
Sauce Consultores S.A.S.,1416
Sauto Ltda.,1032
Scarlett S Flowers S.A.S.,1545
Schaller Design Y Technology S.A.S.,1546
SCHALLER DESING & TECHNOLOGY S.A.S.,2367
Schering-Plough Corporation,783
Schlage Lock de Colombia S.A.,1031
Schlumberger Colombia S.A.,784
SCRUMstudy,1908
Sealed Air Colombia Ltda.,785
Secardeo GmbH,2041
Secretaría de Educación del Distrito Capital,908
Secretaría Distrital de Movilidad - SDM,786
Secretaría General de la Organización de los Estados Americanos - OEA,2206
Seico Technology Ltda.,1030
Senckenberg Gesellschaft für Naturforschung - SGN,2207
Sensorica E Ingeniería S.A.S. - SEI,789
Seoul International Summer School - ISS,2208
Seoul National University - SNU,1712
SERINGTEC S.A.S.,2368
SERINTEG S.A.S,2409
SERTECPET de Colombia S.A,2420
Servicio Alemán de Intercambio Académico (DAAD),2499
Servicio Geológico Colombiano o SGC - INGEOMINAS,1720
Servicio Nacional de Aprendizaje - SENA,99
Servicios Agricolas JB S.A.S.,1029
Servicios Geológicos Integrados Ltda - SIG,792
Servicios Geotécnicos Y Administrativos S.A.S.,1417
Servientrega S.A,793
Serving Ltda.,794
Servinsa S.A.S.,1028
Servintec LTDA.,1418
Serviradar S.A.S.,795
Servitorno Soldadura Ltda. - Sertsol,791
Seven4n - S4N,796
SF Group Solution Finders,1027
SGS Academy Colombia,217
SGS Colombia S.A.,797
Shimane University,1643
Siemens AG,798
Siemens Colombia,1841
Sigma Engineering GmbH,2398
Sigra S.A.,1026
Sihi Pumps Colombia S.A.S.,1025
Sika Colombia S.A.,799
Silkymia Colombia S.A.S,800
Silkymia Colombia S.A.S.,1419
SIMELC Electromecánica S.A.S.,2032
Simgea S.A.S.,1024
Simon Fraser University - SFU,931
Simposio Iberomericano de Adsorción - IBA,61
Sin información,1
Sincosoft Sinco Comunicaciones S.A.S.,1420
Sinduly S.A.S.,801
Sinergias Alianzas Estratégicas para la Salud y el Desarrollo Social,2209
Sinerware S.A.S.,802
Sinthya Química LTDA.,1421
Sip Ltda.,1023
SisteControl Ltda.,1022
Sistemas Andinos de Ingeniería y Planificación - SAIP,1037
Sistemas Insepet CIA LTDA,2062
Sistemas Integrados de Transporte Público Ltda.,1021
Skaphe Tecnologia S.A.S.,803
SKF Latin American Ltda.,804
Skit Consulting Ltda.,1020
"SKY Systems Co., Inc",2210
Slabcode S.A.S,2046
Smart & Simple Engineering S.A.S. - S&S,805
Smart Concrete S.A.S.,1019
Smart Ingeniería LTDA.,1422
Smart Servicios Administrativos y Operativos S.A.S.,1018
Smart Training Society S.A.S,343
SmartBrix Espacios Modulares S.A.S.,1017
Smartpatient Gmbh,1793
SOCIEDAD AGRICOLA DE PALMEROS S.A. - AGROPALMA S.A.,2369
Sociedad Colombiana de Ciencias Químicas,1644
Sociedad Colombiana de Geotecnia,1015
Sociedad Colombiana de Ingenieros,963
Sociedad Cubana de Química,2476
Sociedad Latinoamericana de Ciencia y Tecnología A.C,1921
Sociedad Latinoamericana de Operadores de Monoboyas - SLOM,890
"Sociedad, Economía, Productividad - SEPRO",790
Sociedade Educacional de Santa Catarina - UNISOCIESC,1748
Sociedade Nilza Cordeiro Herdy de Educação e Cultura S/s Ltda - Universidade Unigranrio,1423
Société d'Emboutissage de Bourgogne - Groupe SEB,613
SOCOMEC S.A,1014
SODEXO S.A.S,1828
Soenergy International Colombia S.A.S,1424
Sofia University "St. Kliment Ohridski",2211
Software Colombia,1013
Software Shop de Colombia S.A.S.,2074
Soldaduras West Arco SAS,806
Soletanche-Bachy Cimas S.A.,1425
Solla S.A.,807
Solo Redes Ingenieria S.A.S,808
Soluciones Alumtec S.A.S,2417
Soluciones Finales de Informacion SFI S.A.,1012
Soluciones Financieras Integrales Ltda,1011
Soluciones Omega S.A.,1426
Solving Ingenieros S.A.S.,809
Somajk S.A.S.,1427
Sookmyung Women's University,2212
SOPESA S.A.,2039
Southern Federal University - YuFu,2242
SP Automatizar S.A.S.,810
Sp Geoquim Ingenieros Ltda.,1010
SPIE,1891
SQL Software S.A.,811
ST&T Ltda.,812
Staatliche Lehr-und Versuchsanstalt für Gartenbau Heidelberg,2123
Stanford University,2024
State University of New York,218
State University of New York at Stony Brook - SUNY Stony Brook,1428
Steer Davies & Gleave Limited Sucursal Colombia,813
Steer Davies Gleave,1794
Stiftung Universität Hildesheim - University of Hildesheim,1429
Stockholm Environment Institute - SEI,2213
Stockholms Universitet,219
Subaru de Colombia S.A.,814
Suber S.A.S.,1430
Subsuelo3D S.A.S.,815
Sucroal S.A,816
SUExpansion,1749
Suministros Técnicos e Ingeniería - Suting Ltda,822
Summa Ingeniería Y Consultoría S.A.S.,1547
Summit Systems S.A.S.,1009
Sunshine Bouquet S.A. ,2097
Superintendencia de Industria y Comercio,818
Superintendencia de la Economía Solidaria - Supersolidaria,2214
Superintendencia de Puertos y Transporte,819
Superintendencia de Servicios Públicos Domiciliarios,2406
Superintendencia Financiera de Colombia,1008
Superliner S.A.S.,552
SUPERPOLO S.A.S,820
SUPERPROFE.CO,2000
Superservicios,2070
Supervisa S.A.,1007
SURELIN LTDA.,2370
Sustain-T Project,1431
Sustancias Basicas Colombianas SBC S.A.S,1819
SUTEC S.A.,821
Swiss Federal Institutes of Technology,1645
Swiss federal laboratories for materials science and technology - EMPA,2047
Swiss Foundation for Technical Cooperation - Swisscontact,1880
Swiss Tropical and Public Health Institute (Swiss TPH),2507
Swissarom S.A.S. ,2045
Symrise Ltda.,823
Syracuse University,220
T&T Transito Y Transporte Ingeniería S.A.S.,1006
T-Mega Consultores S.A.S.,1441
Tachyon Consultores,825
Talleres Autorizados S.A.,1432
Tandem Insourcing S.A.S.,1433
Tatic Soluciones en Informática,2075
Tayfer de Colombia Ltda.,826
Team Foods Colombia S.A.,827
TECH DATA S.A. COLOMBIA S.A.S.,2372
Technische Hochschule Ingolstadt - THI,344
Technische Universität Berlin - TUB,221
Technische Universität Clausthal - TU Clausthal,2016
Technische Universität Darmstadt - TU Darmstadt,345
Technische Universität Dortmund,1004
Technische Universität Dortmund - TU Dortmund,858
Technische Universität Dresden - TUD,346
Technische Universität Graz,859
Technische Universität Hamburg - TUHH,829
Technische Universität Ilmenau,308
Technische Universität Kaiserslautern - TUK,968
Technische Universität München - TUM,60
Technische Universität Wien - TU Wien,933
Technische Universiteit Delft,382
Technische Universiteit Eindhoven,961
Technodrill SAS,830
Technology Ideas Solutions and Knowledge - TISOK Ltda.,847
TechnoTeam Bildverarbeitung GmbH,1003
Tecmmas S.A.S.,1434
Tecmo LTDA.,1646
TECNALIA Research & Innovation,2053
Tecniacrilicos LTDA.,1435
Tecnicas Colombianas de Ingenieria T.C.I.,824
Tecnicos En Combustión Y Tratamiento de Aguas TECCA S.A.S.,828
Tecnintegral S.A.S.,838
Tecnoalimenticia LTDA.,1436
Tecnológico de Antioquia - Institución universitaria,1863
Tecnológico Nacional de México - TECNM,2392
Tecser Laboratorios S.A.,831
Tecur S.A.S.,1002
Télécom École de management,1437
TELECOM Lille - TELECOM Lille 1 - ENIC,1438
Télécom Paris Tech,347
Telecom SudParis -  Telecom INT,1439
Telefónica,833
Televideo S.A.,1001
Telmex Colombia S.A.,836
Tempolink S.A.S.,1000
Teppack Colombia LTDA,839
TES America Andina SAS,841
Tetra Pak Ltda,999
Texas Instruments,842
Texas Instruments Deutschland GmbH,843
Textilia S.A.S,2422
The Adecco Group,393
The Center for Development research,2396
The Coca-Cola Company,844
The Dow Chemical Company,540
The Hague University of Applied Sciences,1750
"The Imperial College of Science, Technology and Medicine",199
The Linde Group,304
The New School: A University in New York City,1714
The Pennsylvania State University - Penn State,938
The University of Minnesota,282
The University of Seoul - UOS,1751
The University of Texas at Arlington - UTA,1647
The University of Texas at Austin - UT,1440
The University of the West Indies - UWI,2215
Thermochill S.A.,998
Thomas Greg & Sons de Colombia S.A.S.,997
Tigo UNE,845
Tipiel S.A.,846
Tms Corporation S.A.S.,1549
TMSCLOUD S.A.S.,1548
TNT Express,996
Tohoku University,2385
Tōkyō Daigaku,238
Tokyo University of Marine Science and Technology,1442
Topteam Talentos S.A.S,848
Tornado de Colombia S.A.S.,849
Torrecid Sucursal Colombia,995
Torrescamara y Cia De Obras S.A. Sucursal Colombia,1443
TOTAL Ingenieria y Analisis Ltda.,850
Total Office Ltda,994
Toyota Technological Institute,1902
Transconsult Sucursal Colombia,993
Transformadores S.A,2096
Transmilenio S.A.,851
Transparencia por Colombia,2014
Transport Systems S.A.S.,1444
Transporte Y Comercio Internacional Ltda.,1445
TRATAMIENTOS QUIMICOS INDUSTRIALES S.A.S.,2373
TRICALCAR - Tejiendo Redes inalámbricas Comunitarias en América Latina y el Caribe,2475
Tropenbos International,2216
TU Ilmenau - Institute for Information Technology,1648
TURGAS S.A. E.S.P.,852
Udemy,1900
Un Cuarto Tech,309
UN CUARTO TECH S.A.S.,2371
Uncompany socieda anonima comercial S.A.S,992
UNESCO-IHE - Institute for Water Education,1649
Unidad de Informática y Comunicaciones - UIFCE,1877
Unidad de Servicios Penitenciarios y Carcelarios - USPEC,2100
UNIDAD EDUCATIVA MUNICIPAL CIUDAD EBENEZER,2440
Unilever Andina Ltda.,991
UNILEVER COLOMBIA SCC SAS ,2374
Unión de Aseguradores Colombianos - Fasecolda,2217
Unión Europea,2503
Union Temporal ITB,853
Unipalma S.A.,1446
Unirubber S.A.S.,990
Unisys De Colombia S.A.,989
United States Department of Agriculture - USDA,1650
Universal de Racores y Perfiles Ltda.,854
Universal Learning LTDA.,1550
Universal Sec S.A.S.,988
Universidad Agraria de La Habana “Fructuoso Rodríguez Pérez” - UNAH,2185
Universidad Anáhuac Cancún,2500
Universidad Anáhuac México Sur - UAMS,1752
Universidad Andina Simón Bolívar - UASB,2218
Universidad Andrés Bello - UNAB,1651
Universidad Antonio Nariño,91
Universidad Autónoma Agraria Antonio Narro - UAAAN,2219
Universidad Autónoma Chapingo - UACh,1753
Universidad Autónoma de Baja California - UABC,1652
Universidad Autónoma de Bucaramanga,40
Universidad Autónoma de Chiapas - UNACH,1708
Universidad Autónoma de Chihuahua - UACH,1653
Universidad Autónoma de Ciudad Juárez - UACJ,1447
Universidad Autónoma de Coahuila - UAdeC,1754
Universidad Autónoma de Colombia,64
Universidad Autónoma de Guerrero - UAGro,2220
Universidad Autónoma de Madrid,87
Universidad Autónoma de Manizales,65
Universidad Autónoma de México,63
Universidad Autónoma de Nuevo León - UANL,381
Universidad Autónoma de Occidente,62
Universidad Autónoma de San Luis Potosí - UASLP,1654
Universidad Autonoma de Sinaloa - UAS,856
Universidad Autónoma de Sinaloa - UAS,1722
Universidad Autónoma de Tamaulipas - UAT,2221
Universidad Autónoma de Tlaxcala - UAT,2222
Universidad Autónoma de Zacatecas - UAZ,2225
Universidad Autónoma del Caribe,86
Universidad Autónoma del Carmen - UNACAR,2223
Universidad Autónoma del Estado de Hidalgo - UAEH,1929
Universidad Autónoma del Estado de México - UAEMEX,1926
Universidad Autonoma Del Estado De Morelos - UAEM,88
Universidad Autónoma Metropolitana - UAM,1655
Universidad Autónoma Metropolitana Iztapalapa,2399
Universidad Carlos III de Madrid,224
Universidad Casa Grande,2224
Universidad Católica Andrés Bello - UCAB,349
Universidad Católica de Colombia,127
Universidad Católica de Cuenca,1851
Universidad Católica de Manizalez,156
Universidad Católica de Oriente,157
Universidad Católica de Pereira,158
Universidad Católica de Temuco,2226
Universidad Católica del Norte - UCN,2227
Universidad Central "Marta Abreu" de Las Villas - UCLV,1656
Universidad Central de Colombia,1874
Universidad Central de Venezuela - UCV,964
Universidad Central del Ecuador,2228
Universidad Colegio Mayor De Cundinamarca,72
Universidad Colegio Mayor De Nuestra Señora Del Rosario,28
Universidad Complutense de Madrid,225
Universidad Cooperativa De Colombia,105
Universidad Cuauhtémoc,986
Universidad de Alcalá - UAH,1448
Universidad de Alicante,226
Universidad de Almería,1657
Universidad De Antioquia,103
Universidad de Antofagasta - UA,2230
Universidad de Boyacá - UNIBOYACA,159
Universidad de Buenos Aires - UBA,352
Universidad de Burgos - UBu,2231
Universidad de Cádiz,1719
Universidad de Caldas,160
Universidad de Cantabria,228
Universidad de Carabobo - UC,1449
Universidad de Cartagena,161
Universidad de Castilla-La Mancha - UCLM,1658
Universidad de Chile,372
Universidad de Ciencias y Artes de Chiapas,2122
Universidad de Ciencias y Humanidades - UCH,1755
Universidad de Cienfuegos,229
Universidad de Colima,1756
Universidad de Concepción - UdeC,1757
Universidad de Córdoba,162
Universidad de Córdoba,2025
Universidad de Cordoba - España,1707
Universidad de Costa Rica - UCR,1861
Universidad De Cundinamarca,71
Universidad de Curazao,2512
Universidad de El Salvador - UES,1872
Universidad de Especialidades Espíritu Santo - UEES,2232
Universidad de Extremadura - UEX ,1450
Universidad de Granada,230
Universidad de Guadalajara - UdeG,377
"Universidad de Guanajuato, benemérita y autónoma - UG",373
Universidad de Ibagué,128
Universidad de Investigación de Tecnología Experimental Yachay - Universidad Yachay - Yachay Tech,2233
Universidad de Investigación y Desarrollo - UDI,1849
Universidad de Jaén - UJA - UJAEN,1452
Universidad de la Amazonía,163
Universidad de la Coruña,1966
Universidad de la Empresa - UDE,1758
Universidad de la Guajira,164
Universidad de La Habana - UH,374
Universidad de la Laguna,2134
Universidad de la República - Udelar,2234
Universidad de la República - Udelar,1759
Universidad de la Rioja - UR,1453
Universidad de la Sabana,129
Universidad de la Salle,165
Universidad de La Serena,1760
Universidad de las Artes - UA,2235
Universidad de las Artes de la República de Ecuador,2508
Universidad de las Fuerzas Armadas - ESPE,1887
Universidad de Las Palmas de Gran Canaria,233
Universidad de León,2092
Universidad de Letonia,2504
Universidad de los Andes,94
Universidad De Los Llanos,102
Universidad de Málaga - UMA,1454
Universidad de Medellín,166
Universidad de Murcia,1803
Universidad De Nariño,67
Universidad de Navarra,235
Universidad de Oviedo - UO,1455
Universidad de Pamplona,167
Universidad de Panamá - UP,1456
Universidad de Piura - UDEP,1457
Universidad de Puerto Rico - UPR,380
Universidad de Salamanca - USAL,1458
Universidad de San Buenaventura,130
Universidad de San Carlos de Guatemala - USAC,1459
Universidad de Santander,168
Universidad de Santiago de Chile - Usach,1659
Universidad de Sevilla,237
Universidad de Sonora - UNISON,2237
Universidad de Sucre,169
Universidad de Talca - UTALCA,1761
Universidad de Valencia - Universitat de València-Estudi General - UV,1762
Universidad de Valladolid - Uva,1460
Universidad de Valparaíso - UV,2238
Universidad de Xi'an Jiaotong,1961
Universidad de Zaragoza,239
Universidad del Atlántico,170
Universidad del Azuay - UDA,1461
Universidad del Bío-Bío,356
Universidad Del Bosque,66
Universidad Del Cauca,70
Universidad del Magdalena,171
Universidad del Museo Social Argentino - UMSA,2240
Universidad del Norte - Uninorte,357
Universidad del Quindío,172
Universidad del Rosario,29
Universidad del Salvador - USAL,2241
Universidad del Tolima,174
Universidad del Valle,175
Universidad Distrital Francisco José De Caldas,68
Universidad EAFIT,131
Universidad Estatal Paulista "Júlio de Mesquita Filho" - UNESP,1660
Universidad Estatal Social de Rusia,2515
Universidad Externado de Colombia,176
Universidad Francisco De Paula Santander,69
Universidad ICESI,112
Universidad Incca de Colombia,178
Universidad Industrial De Santander - UIS,111
Universidad Intercultural del Estado de México - UIEM,1710
Universidad Internacional de Andalucía,243
Universidad Internacional de La Rioja,244
Universidad Internacional Menéndez Pelayo,245
Universidad Jorge Tadeo Lozano,110
Universidad la Gran Colombia,179
Universidad Libre De Colombia,107
Universidad Manuela Beltrán,108
Universidad Mariana,246
Universidad Mayor de San Andrés - UMSA,2135
"Universidad Mayor, Real y Pontificia de San Francisco Xavier de Chuquisaca - USFX",1763
Universidad Michoacana de San Nicolás de Hidalgo,1661
Universidad Miguel Hernández de Elche,1462
Universidad Militar Nueva Granada,106
Universidad Nacional Abierta y a Distancia - UNAD,180
Universidad Nacional Agraria La Molina - UNALM,1764
Universidad Nacional Autónoma de México - UNAM,378
Universidad Nacional de Agricultura y Agronomía - UNAG,1463
Universidad Nacional de Avellaneda - UNDAV,2243
Universidad Nacional de Chonnam,2425
Universidad Nacional de Colombia,122
Universidad Nacional de Colombia - Sede Amazonía,80
Universidad Nacional de Colombia - Sede Bogotá,76
Universidad Nacional de Colombia - Sede Bogotá - Grupo Complexus,2009
Universidad Nacional de Colombia - Sede Caribe,81
Universidad Nacional de Colombia - Sede La Paz,84
Universidad Nacional de Colombia - Sede Manizales,78
Universidad Nacional de Colombia - Sede Medellín,77
Universidad Nacional de Colombia - Sede Orinoquía,82
Universidad Nacional de Colombia - Sede Palmira,79
Universidad Nacional de Colombia - Sede Tumaco,83
Universidad Nacional de Costa Rica,2244
Universidad Nacional de Educación a Distancia - UNED,1662
Universidad Nacional de Ingeniería - UNI,2245
Universidad Nacional de la Amazonía Peruana - UNAP,2246
Universidad Nacional de La Pampa - UNLPam,2247
Universidad Nacional de La Plata,247
Universidad Nacional de Río Cuarto - UNRC,934
Universidad Nacional de Rosario - UNR,2248
Universidad Nacional de San Antonio Abad del Cusco - UNSAAC,2117
Universidad Nacional de San Juan,248
Universidad Nacional de San Luis - UNSL,2249
Universidad Nacional de San Martín - UNSAM,2250
Universidad Nacional de Santiago del Estero,2468
Universidad Nacional de Tres de Febrero - UNTREF,2251
Universidad Nacional de Trujillo - UNT,1765
Universidad Nacional de Tucumán - UNT,1663
Universidad Nacional de Tumbes - UNT,1464
Universidad Nacional del Centro de la Provincia de Buenos Aires - UNICEN,1927
Universidad Nacional del Centro del Perú - UNCP,1766
Universidad Nacional del Litoral,1465
Universidad Nacional del Nordeste - UNNE,2252
Universidad Nacional del Sur - UNS,1664
Universidad Nacional Experimental del Táchira - UNET,359
UNIVERSIDAD NACIONAL EXPERIMENTAL POLITÉCNICA ANTONIO JOSÉ DE SUCRE,2474
Universidad Nacional Federico Villarreal - UNFV,2253
Universidad Nacional Intercultural de la Amazonía - UNIA,2136
Universidad Nacional Mayor de San Marcos - UNMSM,1767
Universidad Nacional Pedro Ruiz Gallo - UNPRG,1466
Universidad Nebrija,2254
Universidad Pablo de Olavide - UPO,2255
Universidad Panamericana - México,1721
Universidad Pedagógica Nacional,181
Universidad Pedagógica Nacional Francisco Morazán - upnfm,2381
Universidad Pedagógica Y Tecnológica De Colombia - UPTC,85
Universidad Peruana Cayetano Heredia - UPCH,2256
Universidad Piloto De Colombia,93
Universidad Politécnica de Aguascalientes - UPA,1768
Universidad Politécnica de Chiapas,2394
Universidad Politécnica de Madrid,250
Universidad Politécnica de Pachuca - UPPachuca,2257
Universidad Politécnica de Valencia,92
Universidad Politéctica de Cataluña,2395
Universidad Pontificia Bolivariana,133
Universidad Pontificia de Salamanca,251
Universidad Popular Autónoma del Estado de Puebla - UPAEP,2258
Universidad Popular del Cesar,182
Universidad Privada José Antonio Páez - UJAP,358
Universidad Rey Juan Carlos - URJC,252
Universidad Ricardo Palma - URP,1467
Universidad Rovira i Virgili​ - URV,1468
Universidad San Martín de Porres - USMP,1769
Universidad Santiago de Cali,183
Universidad Santo Tomás,115
Universidad Sergio Arboleda,184
Universidad Simón Bolívar,185
Universidad Simón Bolívar -USB,1801
Universidad Sinú,173
Universidad Surcolombiana,186
Universidad Técnica de Ambato - UTA,1469
Universidad Técnica de Manabí - UTM,2260
Universidad Técnica de Oruro - UTO,1770
Universidad Técnica Estatal de Quevedo,1470
Universidad Técnica Federico Santa María - USM,1665
Universidad Técnica Particular de Loja - UTPL,1471
Universidad Tecnológica de Bolívar,2010
Universidad Tecnológica de Bolívar - UTB,360
Universidad Tecnológica de La Habana José Antonio Echeverría,51
Universidad Tecnológica de Panamá - UTP,1771
Universidad Tecnológica de Pereira,132
Universidad Tecnológica de Tabasco - UTTAB,1772
Universidad Tecnológica del Chocó,187
Universidad Tecnológica Laja Bajío,1964
Universidad Tecnológica Metropolitana - UTEM,1666
Universidad Valle del Momboy - UVM,2382
Universidad Veracruzana - UV,1773
Universidade Católica Dom Bosco - UCDB,2261
Universidade Católica Portuguesa - UCB,2262
Universidade de Aveiro,1925
Universidade de Brasília - UnB,227
Universidade de Coimbra - University of Coimbra - UC,1472
Universidade de Lisboa,2383
Universidade de Ribeirão Preto - UNAERP,1473
Universidade de Santa Cruz do Sul - UNISC,1474
Universidade de Santiago de Compostela - USC,935
Universidade de São Paulo - USP,236
Universidade do Estado do Amazonas - UEA,1475
Universidade do Estado do Pará - UEPA,2299
Universidade do Estado do Rio de Janeiro - UERJ,2263
Universidade do Minho - UM - Uminho,1668
Universidade do Porto - UP,253
Universidade Estácio de Sá,1476
Universidade Estadual de Campinas - UNICAMP,254
Universidade Estadual de Londrina - UEL,1477
Universidade Estadual de Maringá - UEM,1478
Universidade Estadual do Centro-Oeste - UNICENTRO,2264
Universidade Estadual do Norte Fluminense Darcy Ribeiro - UENF,2265
Universidade Federal da Bahia - UFBA,2266
Universidade Federal da Integração Latino-Americana - UNILA,1479
Universidade Federal da Paraíba - UFPB,1480
Universidade Federal de Ciências da Saúde de Porto Alegre - UFCSPA,2267
Universidade Federal de Lavras - UFLA,2268
Universidade Federal de Minas Gerais - UFMG,361
Universidade Federal de Ouro Preto - UFOP,362
Universidade Federal de Pelotas - UFPEL,1481
Universidade Federal de Pernambuco - UFPE,1482
Universidade Federal de Santa Catarina - UFSC,255
Universidade Federal de Santa Maria - UFSM,1483
Universidade Federal de São Carlos,1962
Universidade Federal de São Paulo,256
Universidade Federal de Sergipe - UFS,1484
Universidade Federal de Uberlândia,1816
Universidade Federal de Viçosa - UFV ,1485
Universidade Federal do Amazonas - UFAM,1486
Universidade Federal do Pará,257
Universidade Federal do Paraná,2125
Universidade Federal do Rio de Janeiro - UFRJ,258
Universidade Federal do Rio Grande do Norte - UFRN,2269
Universidade Federal do Rio Grande do Sul - UFRGS,363
Universidade Federal Fluminense,259
Universidade Federal Rural de Pernambuco - UFRPE,1487
Universidade Feevale,2270
Universidade Municipal de São Caetano do Sul -USCS,1488
Universidade Presbiteriana Mackenzie,2259
Universidad Nacional de Córdoba - UNC,1667
Università Campus Bio-Medico di Roma - UCBM,2271
Università Cattolica del Sacro Cuore - UCSC,2272
Università degli Studi del Sannio,1669
Università degli Studi di Bergamo,1489
Università degli studi di Genova,2273
Università degli Studi di Milano - UNIMI,1670
Università degli Studi di Napoli Federico II,312
Università degli Studi di Napoli L'Orientale - UNIOR,2274
Università degli Studi di Palermo,2275
Universitá degli Studi di Perugia,2126
Università degli Studi di Roma Tor Vergata,1490
Università degli Studi di Salerno - UniSa,1491
Università di Bologna,368
Università di Pisa,925
Universitaria Agustiniana - Uniagustiniana,348
Universität Bayreuth - UBT,364
Universität Bonn,2287
Universitat de Barcelona - UB,260
Universitat de Girona,1451
Universitat de Lleida,1492
Universität Duisburg-Essen - UDE,940
Universität für Bodenkultur Wien,2058
Universität Hohenheim,1493
Universitat Jaume I ,1494
Universität Kassel,263
Universität Konstanz,1671
Universität Leipzig,1810
Universität Mannheim - UMA,966
Universitat Oberta de Catalunya,1936
Universität Paderborn,860
Universitat Politècnica de Catalunya,249
Universitat Pompeu Fabra,2405
Universität Potsdam - UP,1495
Universität Regensburg - UR,2276
Universität Stuttgart,189
Universität Trier,2133
Universität Zürich - UZH,2277
Université Claude Bernard Lyon 1 - UCBL,1672
Université d'Avignon et des Pays de Vauclus,2120
Université d'Orléans,985
Université de Bordeaux,1774
Université de Bretagne Occidentale (UBO),2416
Université de Genève - UNIGE,264
Université de la Manouba,2390
Université de Liege,1958
Université de Lille,2081
Université de Lorraine,365
Université de Lyon,1807
Université de Mons - UMONS,1496
Université de Montpellier,1673
Université de Montréal,2049
Université de Namur - UNAMUR,1798
Université de Nantes,1674
Université de Paris,1675
Université de Pau et des pays de l’Adour - UPPA,379
Université de Poitiers,366
Université de Rennes I,926
Université de Rouen Normandie,2278
Université de Strasbourg - Unistra,1775
Université de Strasbourg - Unistra,936
Université de technologie de Compiègne - UTC,1676
Université de technologie de Troyes - UTT,1497
Université de Toulouse II - Le Mirail,266
Université de Tours - UFR,2279
Université du Québec à Chicoutimi - UQAC,1776
Université Grenoble Alpes,268
Université Joseph-Fourier - Grenoble I,959
Université Laval,1777
Université libre de Bruxelles - ULB,1778
Université Lumière Lyon 2,1677
Université Paris - XI,265
Université Paris 1 Panthéon-Sorbonne,269
Université Paris 13,2280
Université Paris Diderot,2281
Université Paris-Est Marne-la-Vallée - UPEM,367
Université Paris-Est-Créteil-Val-de-Marne - UPEC,1498
Université Paris-Sud,2282
Université Pierre et Marie Curie,1678
Université Pierre-Mendès-France - Grenoble - Grenoble II,937
Université Rennes II,927
Université Saint-Louis - Bruxelles,2283
Université Savoie-Mont-Blanc - USMB,1499
Université Sorbonne Nouvelle - Paris 3,2284
Université Stendhal - Grenoble III,939
Université Toulouse - Jean Jaurès,2285
Université Toulouse III - Paul Sabatier,267
Université Toulouse-III-Paul-Sabatier - UPS,1500
Universiteit Gent,1957
Universiteit Gent - Ugent,923
Universiteit van Amsterdam - UvA,2229
Universitetet i Bergen,1502
Universitetet i Oslo,924
Universitetet i Stavanger - UiS,1503
Université Louis-Pasteur - Strasbourg-I,1501
Universiti Putra Malaysia - UPM,1679
"University College Cork National University of Ireland, Cork - UCC",1779
University of Aberdeen,1680
University of Adelaide,1780
University of Akron,271
University of Alberta - U of A,351
University of Albuquerque,376
University of Antwerp,1932
University of Applied Sciences and Arts of Western Switzerland,1681
University of Arizona - UA,1682
University of Auckland,1781
University of Bath,2286
University of Bremen,1930
University of British Columbia -UBC,1782
University of Calgary,1683
University of California,273
"University of California, Davis - UCD",1684
"University of California, Merced - UC Merced",2288
University of Cambridge,313
University of Colombo,1963
University of Colorado,1685
University of Connecticut,274
University of Curaçao mr. dr. Moises Frumencio da Costa Gomez - UoC,1783
University of Delaware,275
University of Dundee,1784
University of Durham,1785
University of Edinburgh,2289
University of Houston - UH,1686
University of Illinois at Urbana–Champaign,231
University of Kansas,276
University of Leeds,277
University of Leicester,278
University of London,279
University of Louisville,280
University of Manchester,222
"University of Maryland, College Park - UMD",375
University of Massachusetts - UMass Amherst,1504
University of Massachusetts - UMass Boston,2291
University of Memphis,281
University of Michigan,234
University of Mississippi,371
University of Nebraska–Lincoln - UNL,2292
University of Nebraska–Lincoln - UNL - UN,1505
University of New Brunswick - UNB,1786
University of New Hampshire,283
University of New Mexico - UNM,284
University of New Mexico–Los Alamos - UNM-LA,1687
University of North Carolina at Chapel Hill - UNC,1688
University of Northumbria at Newcastle,2293
University of Notre Dame,285
University of Oklahoma - OU,353
University of Ostrava,1718
University of Patras - UPatras,1689
University of Pittsburgh - Pitt,1690
University of Queensland,2294
University of Reading,286
University of Regina - UR,2295
University of Reims Champagne-Ardenne,1691
University of San Francisco,1692
University of Saskatchewan - USask,2296
University of Sheffield,289
University of South Florida - USF,1693
University of Stirling,290
University of Strathclyde,1787
University of Tartu - UT,1694
University of Texas at Dallas - UTD,1695
University of Texas at San Antonio,1960
University of Tokyo - Todai - Utokyo,1506
University of Tübingen,1696
University of Ulsan - UOU,1788
University of Utah,291
University of Victoria - UVIC,1789
University of Wales,292
University of Warwick,223
University of Washington,1697
University of Waterloo,293
University of Western Australia,294
University of Western Ontario - UWO,1698
University of Wisconsin–Madison,354
University of Wisconsin–Milwaukee,857
University of Wollongong,1699
University of Wyoming - UW,2297
Univerzita Karlova,984
Uniwersytet Warszawski,2298
Uniwersytet Łódzki,2290
Uppsala Universitet,296
Upside Energy & Mining Services S.A.S.,1700
Uptime Analytics S.A.S.,1507
Urbanism + Surface = Profit S.A.S.,1508
V.A. Tools LTDA.,1509
V.D. El Mundo A Sus Pies S.A.S.,863
Valkymia S.A.S,2036
Valrex S.A.S.,1510
Vangtry Technology S.A.S.,1511
Variadores S.A.,861
Vaselinas Industriales De Colombia S.A.,862
Venturoso S.A.S.,1512
Veolia Colombia,864
Veolia Eau,983
Veszprémi Egyetem,855
Vicar Farmacéutica S.A.,865
Victoria University of Wellington,2300
Vidrieria Fenicia S.A.S.,866
Vidrios y Laminados S.A.S.,1513
Villa Isla Sporty,1514
Vinci,1901
Vinikolor,867
Virginia Polytechnic Institute and State University - Virginia Tech - VPI,1515
Virtual Pro,868
Volkswagen AG,929
VR Ingenieria y Mercadeo Ltda.,869
Vrije Universiteit Amsterdam - UV,2301
Wacker Chemie AG,870
Wageningen University & Research - WUR,2239
Wake Forest University,2054
Walter P Moore,1701
WARCO S.A.S.,2375
Waseda University,2302
Washington State University - WSU,1516
Wayne State University,1158
WBI Company,1702
Weatherford Colombia Ltda,982
WelderSkill S.A.S.,871
West Virginia University,2303
Western Sydney University,295
Westfälische Wilhelms-Universität,272
Westfälische Wilhelms-Universität Münster - WWU,2386
WHU - Otto Beisheim School of Management,1703
Wilo Salmson France,1832
WIMA Construcciones S.A.S,872
Wima Construcciones S.A.S.,1517
Wir sind National Instruments in Dresden ,2038
Wolfer & Goebel Bau GmbH,981
Woombat Consulting Group S.A.S.,1518
World Resources Institute - WRI - NDC Partnership,1704
World Wide Web Consortium - W3C,1892
Worldwide Engineering Solutions Team,2423
XSYSTEM LTDA,873
Xue Colombia Ltda,980
Yahoo! Labs,1705
Yale S.A.,468
Yanbal,874
Yantai Wanhua Polyurethane Co,979
Yeungnam University,2304
Yokohama National University,1519
Yukoono Mobile Business Portal GmbH,978
Zabala Ingenieros Ltda,977
Zambranogroup S.A.S.,1520
Zemoga S.A.S,976
Zentech S.A.S.,1521
ZF Friedrichshafen AG,875
ZJ Ingenieros Estructurales Ltda,975
Züblin Spezialtiefbau GmbH,876
Züblin Stahlbau GmbH,2048
ZULCA EMPRESA DE SERVICIOS TEMPORALES,2376
Київський національний університет імені Тараса Шевченка,240